,NY.GDP.MKTP.CD,NY.GDP.PCAP.PP.CD,NY.GDP.MKTP.KD.ZG,NE.EXP.GNFS.ZS,NE.IMP.GNFS.ZS,BX.KLT.DINV.CD.WD,FR.INR.RINR,NY.GDP.DEFL.KD.ZG,GC.DOD.TOTL.GD.ZS,FP.CPI.TOTL,NE.CON.PRVT.ZS,NE.GDI.TOTL.ZS,FM.LBL.MQMY.GD.ZS,GC.REV.XGRT.GD.ZS,NE.TRD.GNFS.ZS,SP.POP.TOTL,SP.POP.GROW,SP.DYN.LE00.IN,SE.XPD.TOTL.GD.ZS,SE.ADT.LITR.ZS,SH.XPD.CHEX.GD.ZS,SH.DYN.MORT,SH.DYN.NMRT,SH.STA.MMRT,EG.ELC.ACCS.ZS,IT.NET.USER.ZS,SH.IMM.IDPT,SH.STA.BRTC.ZS,SH.HIV.INCD.TL.P3,SH.STA.SMSS.ZS,SH.STA.SSMS.ZS,AG.LND.FRST.ZS,EN.ATM.CO2E.PC,EN.POP.SLUM.UR.ZS,EG.ELC.RNEW.ZS,EG.FEC.RNEW.ZS,EN.ATM.PM25.MC.M3,EN.CLC.MDAT.ZS,ER.H2O.INTR.PC,EN.ATM.METH.KT.CE,EN.ATM.NOXE.KT.CE,AG.LND.TOTL.K2,AG.PRD.CROP.XD,AG.PRD.FOOD.XD,AG.YLD.CREL.KG,AG.SRF.TOTL.K2,IQ.CPA.TRAN.XQ,IQ.CPA.GOVE.XQ,IQ.CPA.PROP.XQ,IQ.CPA.REG.XQ,IQ.CPA.POLS.XQ,IQ.CPA.VACR.XQ,IC.BUS.EASE.XQ,GC.TAX.TOTL.GD.ZS,SL.UEM.TOTL.ZS,IC.REG.DURS,SE.TER.CUAT.BA.ZS,SE.PRM.CMPT.ZS,SG.GEN.PARL.ZS,IT.CEL.SETS.P2,IS.ROD.DNST.K2,EG.IMP.CONS.ZS,EG.USE.ELEC.KH.PC,IT.MLT.MAIN.P2,IS.AIR.PSGR,IS.AIR.GOOD.MT.K1,IS.RRS.GOOD.MT.K1,IS.RRS.PASG.KM,IS.VEH.NVEH.P3,SI.POV.GINI,SI.POV.DDAY,SI.POV.NAHC,SI.DST.05TH.20,SI.DST.10TH.10,SI.POV.UMIC,SI.POV.LMIC,SI.POV.RUHC,SI.POV.URHC
AF,17233051620.1117,2211.28063454007,2.71088679128353,16.7751362822863,50.498206993764,,,2.9616535410169,,,97.3815357619115,15.2,,,67.2733432760503,41454761,2.13559384981397,,,,,,,,,,60.0,,,,,,,,,,,,,,,,,,,,1.0,,1.5,,,,,,14.386,,,,,,,,,0.439,,,,,,,,,,,,,,
AL,23547179830.4413,21925.6083767592,3.93662525742167,38.6650817896799,43.8286028086077,1620982550.5431,0.269282388635442,6.06604947510885,,138.021863913783,70.2063374572408,22.9107180604133,,,82.4936845982876,2745972,-1.14841763771287,,,,,,,,,83.1356,97.0,,,,,,,,,,,,,,,,,,,,,,,,,,,,11.584,,,95.1351470947266,35.7142857142857,,,,,6.16,,,,,,,,,,,,,,
DZ,247626161016.414,16824.4879032987,4.10000000000004,23.6195363708424,20.0633778247296,1215776626.75897,7.08459692081617,0.854841037372282,,198.550857618244,40.7909486648895,37.724946210066,,,43.682914195572,46164219,1.49897601193923,,5.61015701293945,,,,,,,,92.0,,,,,,,,,,,,,,,,,,,,,,,,,,,,11.814,,,99.678840637207,7.86240786240786,,,,,13.7,,,,,,,,,,,,,,
AD,3785067331.7625,71730.6686821645,2.58355480961319,,,,,6.29560082401824,,,,,,,,80856,1.43374756867515,,1.92790997028351,,,,,,,,98.0,,,,,,,,,,,,,,,,,,,,,,,,,,,,,,,69.3333282470703,50.0,,,,,63.9,,,,,,,,,,,,,,
AO,84824654481.7249,8040.70244971812,1.00128936028298,40.8567793904075,26.1849092185214,-2119632185.51477,-0.59401372733354,17.6195377226942,,804.965533144132,56.3600178190649,23.7932500575225,,,67.0416886089289,36749906,3.08065530722915,,,,,,,,,,54.0,,,,,,,,,,,,,,,,,,,,,,,,,,,,14.62,,,,33.6363636363636,,,,,0.236,,,,,,,,,,,,,,
AG,2033085185.18518,32149.1403648823,3.86201218730389,,,300597732.222222,1.8066629756626,4.80547577274675,,133.943906030246,,,,,,93316,0.511400156215609,,,,,,,,,,97.0,,,,,,,,,,,,,,,,,,,,,,,,,,,,,,,,5.55555555555556,,,,,,,,,,,,,,,,,,,
AR,646075277525.125,30082.3045247323,-1.61100162090189,12.7492457826544,13.8912663507893,23866141439.654,-16.7714229097284,135.368876310592,,,65.9491811031337,19.3715390134256,,,26.6405121334437,45538401,0.286976121920089,,,,,,,,,89.229,66.0,,,,,,,,,,,,,,,,,,,,,,,,,,,,6.178,,,,43.1906614785992,,,,,15.4,,,,,,,,,,,,,,
AM,24085749592.3359,21342.5145334886,8.29999999959539,59.4520856749187,60.2625572889532,580365078.650983,9.45938580104027,2.67300354889213,,155.258355482585,65.3685190425439,21.2953732476126,,,119.714642963872,2990900,0.728178919340382,,0.242599993944168,,,,,,,,94.0,,,,,,,,,,,,,,,,,,,,,,,,,,,,8.586,,,92.5063171386719,35.5140186915888,,,,,11.2,,,,,,,,,,,,,,
AW,3648573136.15155,44967.3445127078,4.26371941452948,88.3437864283018,81.4544965060421,91445330.0,-0.852277920562397,6.70946117676064,,,52.0872345412259,21.4610020896194,,,169.798282934344,107359,0.0456516784920034,,,,,,,,,,,,,,,,,,,,,,,,,,,,,,,,,,,,,,,,,,,,,,,,,,,,,,,,,,,,,
AU,1728057316695.61,69231.3103595531,3.44199220009025,26.7992411333458,22.4259429260923,32501414006.7699,,6.51199894950456,,139.880332986472,50.3387908844084,23.9740168793693,,,49.2251840594381,26658948,2.4474661688131,,,,,,,,,,94.0,,,,,,,,,,,,,,,,,,,,,,,,,,,,3.667,,35.764835357666,,38.4105960264901,,,,,24.4,,,,,,,,,,,,,,
AT,511685203845.001,73134.7854032466,-0.954962366849259,59.4645666223774,57.3493527895016,2924935668.81844,,6.64765341628686,,143.946494832533,52.1990687770085,25.4080151070422,,,116.813919411879,9131761,0.989464653969154,,,,,,,,,95.3347,84.0,,,,,,,,,,,,,,,,,,,,,,,,,,,,5.243,,,,40.9836065573771,,,,,39.5,,,,,,,,,,,,,,
AZ,72356176470.5882,23597.8378621757,1.12397432709641,49.0453678900537,34.5739824641988,252836000.0,25.5211682288753,-9.20663944963042,,212.959661766667,53.2113604676214,18.3043034661052,,,83.6193503542524,10153958,0.120242150339289,,3.58290028572083,100.0,,,,,,,83.0,,,,,,,,,,,,,,,,,,,,,,,,,,,,5.636,,17.6700000762939,96.2334136962891,18.6440677966102,,,,,15.8,,,,,,,,,,,,,,
BS,14338500000.0,36742.0620432456,2.63905598075102,39.746138020016,42.9587474282526,322456455.071094,-1.96946877132035,6.34442014479342,,130.204684513872,67.4568469505178,20.6869616766049,,,82.7048854482687,399440,0.477303918283875,,,,,,,,,,87.0,,,,,,,,,,,,,,,,,,,,,,,,,,,,9.198,,,,17.9487179487179,,,,,24.2,,,,,,,,,,,,,,
BH,46079867021.2766,63497.6169362333,2.9807927665851,87.5642025322593,70.2676839414453,6839627659.57447,,-4.14375165818939,,119.586099949687,39.0611698121266,28.9929660747442,,,157.831886473705,1577059,3.37686417721007,,,98.0,,,,,,100.0,99.0,,,,,,,,,,,,,,,,,,,,,,,,,,,,1.16,,29.5799999237061,89.368766784668,20.0,,,,,15.7,,,,,,,,,,,,,,
BD,437415331040.994,9147.77750665547,5.77511237007889,13.1571638341204,17.8258075763392,1385155351.84895,0.629461237622801,6.89712404003441,,237.199569600947,68.5753162931573,30.9512000834944,,,30.9829714104596,171466990,1.22171475464107,,1.7752274274826,,,,,,,44.5027,98.0,,,,,,,,,,,,,,,,,,,,2.5,,3.0,,,,,,5.06,,,108.210327148438,20.8571428571429,,,,,0.176,,,,,,,,,,,,,,
BB,6720733200.0,21336.1575553015,4.09382010970572,,,8000000.0,,3.18212980720116,,170.890071679653,,,,,,282336,0.00637558575909917,,4.04476022720337,,,,,,,,85.0,,,,,,,,,,,,,,,,,,,,,,,,,,,,7.954,,,96.7363815307617,26.6666666666667,,,,,,,,,,,,,,,,,,,
BY,71857382745.6066,30763.0198215957,3.88624214456901,66.8190187611956,66.1797785565314,1992107728.25,2.4160561961383,7.36823053571227,,710.463188170058,54.7435612074578,24.0905264823788,,28.1659336340209,132.998797317727,9178298,-0.540824986374776,,4.9514799118042,,,,,,,91.5125,98.0,,,,,,,,,,,,,,,,,,,,,,,,,,,12.8108941829095,3.574,,,92.6165313720703,40.0,,,,,45.8,,,,,,,,,,,,,,
BE,644782756682.756,72070.7590599945,1.25170063203595,84.1639882975701,84.7636154109048,-2776119886.70005,,4.508102848783,,137.819385631235,50.3588841304493,25.3297303497481,,,168.927603708475,11787423,0.913715890414841,,,,,,,,,94.6263,98.0,,,,,,,,,,,,,,,,,,,,,,,,,,,,5.508,,,,42.6666666666667,,,,,22.8,,,,,,,,,,,,,,
BZ,3066850000.0,13823.4379513758,1.14901682065862,55.292084712327,51.2396709979295,16037530.5268891,1.8099744501983,6.50970161380764,,121.734880395108,62.8518463570113,18.2747688996853,,,106.531755710256,411106,2.05772774277288,,4.25564002990723,,,,,,,,85.0,,,,,,,,,,,,,,,,,,,,,,,,,,,,8.262,,,94.3330688476562,15.625,,,,,,,,,,,,,,,,,,,
BJ,19676049075.7011,4129.97941493295,6.35282160914288,21.1934539892603,30.1570110221303,48955920.0,,3.38546435195668,,120.823695911462,58.9882948077733,40.4710649028638,,,51.3504650113905,14111034,2.52274772277722,,,,,,,,,,69.0,,,,,,,,,,,,,,,,,,,,3.5,,3.5,,,,,,1.452,,,,26.605504587156,,,,,0.0101,,,,,,,,,,,,,,
BM,8141700000.0,108810.998438551,-0.0948235929642749,52.9299777687707,24.6140240981613,21480000.0,,4.10639245421443,,,47.9027721483228,11.8009752263041,,,77.544001866932,64698,-0.0787967316952785,,1.93364679813385,,,,,,,,,,,,,,,,,,,,,,,,,,,,,,,,,,,,,,,,,,,,,,,,,,,,,,,,,,,
BO,45135398008.8166,10925.2730516706,3.08196524087036,25.5322398174316,30.9259991457953,293692090.235586,9.19561261731636,-0.505250428968196,,157.40476617273,68.4904360922751,17.6169589648051,,,56.4582389632269,12244159,1.37334382280772,,,,,,,,,,67.0,,,,,,,,,,,,,,,,,,,,,,,,,,,,3.081,,17.8769969940186,96.2025909423828,46.1538461538462,,,,,,,,,,,,,,,,,,,
BA,27514782476.0406,23421.8698057032,2.21112447211205,44.055617147886,55.8427513217352,1035178227.48115,-2.48323870976058,6.76270435629395,40.4237746125128,128.060556205188,68.5227672647396,26.398432441318,,36.6776924512413,99.8983684696212,3185073,-0.617510129445164,,,,,,,,,83.3772,73.0,,,,,,,,,,,,,,,,,,,,,,,,,,,19.1124219368621,10.42,,11.276029586792,86.3567733764648,19.0476190476191,,,,,19.3,,,,,,,,,,,,,,
BW,19396084498.0084,20916.4015457301,2.73379817032757,32.2751013777669,36.5821112512447,665417580.126418,4.51792831085342,2.12467971961613,,191.981583240697,42.9442379053878,30.3195921303399,,,68.8572126290116,2480244,1.64031664035479,,,,,,,,,,95.0,,,,,,,,,,,,,,,,,,,,,,,,,,,,23.381,,9.64603805541992,,11.1111111111111,,,,,3.62,,,,,,,,,,,,,,
BR,2173665655937.27,21107.2821033791,2.90848048667777,18.1102794216442,15.7436671722105,64227330465.83,37.2075093316886,4.65899475870381,83.6989369386242,213.87513528772,63.3285869038863,16.0859873495074,,25.5746106904518,33.8539465938547,211140729,0.395928695574996,,,,,,,,,84.1506,90.0,,,,,,,,,,,,,,,,,,,,,,,,,,,14.1546933435227,7.95,,,,17.5438596491228,,,,,12.1,,,,,,,,,,,,,,
BN,15128292980.8638,85267.5530498505,1.40706832327938,76.5348303286795,60.0281734301402,-50992640.1915361,21.1198532159643,-12.8961956287324,,106.859907015157,27.5636209527997,29.5631702814335,,,136.56300375882,458949,0.782881746925984,,,,,,,,,,99.0,,,,,,,,,,,,,,,,,,,,,,,,,,,,5.27,,,96.1914520263672,11.7647058823529,,,,,26.5,,,,,,,,,,,,,,
BG,102407653020.606,38904.918552163,1.88681483907177,61.8853159708659,57.7828043733469,4058310000.0,-3.28394425747554,7.98419924336682,,151.670713970091,57.7273259895719,19.749565552763,,,119.668120344213,6446596,-3.00602010787702,,,,,,,,,80.3896,92.0,,,,,,,,,,,,,,,,,,,,,,,,,,,,4.295,,,,24.1666666666667,,,,,9.11,,,,,,,,,,,,,,
BF,20324617844.5265,2754.71346543425,2.96018147384929,28.8622955091639,35.9600256062745,5174270.0,,1.99804752407688,,131.759116014267,64.5788024966344,22.5438564249502,,,64.8223211154384,23025776,2.26973666268599,,,,,,,,,,94.0,,,,,,,,,,,,,,,,,,,,3.0,,2.5,,,,,,5.293,,2.29087615013123,51.733829498291,16.9014084507042,,,,,,,,,,,,,,,,,,,
BI,2642161668.85211,919.906646235639,2.70000059705133,5.26338520550318,24.3298626640039,34127983.5378171,-0.131115723919914,11.3760314899613,,319.517907407394,75.573789721139,12.9873820939998,,,29.5932478695071,13689450,2.72764441044431,,,,,,,,,,89.0,,,,,,,,,,,,,,,,,,,,1.5,,2.0,,,,,,0.93,,,,38.2113821138211,,,,,0.105,,,,,,,,,,,,,,
CV,2533819406.4916,10308.6791674628,5.47543591649173,38.3639967741243,56.3745937204801,158735894.913156,3.59940972987868,3.79259432080659,,126.774290191905,76.1357934193282,20.1214437976469,,,94.7385904946044,522331,0.497087597239901,,,,,,,,,,93.0,,,,,,,,,,,,,,,,,,,,4.5,,4.0,,,,,,11.994,,,,41.6666666666667,,,,,11.6,,,,,,,,,,,,,,
KH,42335646895.7984,7425.51179063119,4.96006658918908,66.8926660552171,67.3141763407136,3958792378.8864,,1.06309607242758,,148.306623905508,60.3270643695032,33.2944796211269,,,134.206842395931,17423880,1.28320677599476,,2.95115232467651,,,,,,,,85.0,,,,,,,,,,,,,,,,,,,,2.0,,2.5,,,,,,0.239,,,89.880615234375,13.6,,,,,,,,,,,,,,,,,,,
CM,49279410982.826,5405.57465742866,3.24834497823876,16.6141431983781,20.603584977619,-109133290.0,,4.65972285962381,,141.818332882446,73.8881417397646,19.5166502739918,,,37.2177281759971,28372687,2.64245336134821,,,,,,,,,,75.0,,,,,,,,,,,,,,,,,,,,3.0,,2.5,,,,,,3.646,,,71.0805587768555,33.8888888888889,,,,,,,,,,,,,,,,,,,
CA,2142470914401.36,61650.9898668262,1.24892730403391,33.3693043905205,33.8231897487673,47745201181.1264,,1.5347101132531,62.2285228239297,134.895535203205,55.163927057473,24.0198953024404,,19.9426030551771,67.1924941392879,40097761,2.93227401162387,,,,,,,,,,92.0,,,,,,,,,,,,,,,,,,,,,,,,,,,14.007586078129,5.366,,32.88818359375,,30.6547619047619,,,,,27.7,,,,,,,,,,,,,,
KY,7139428557.71423,86689.2088816425,4.35967595700366,,,20421626280.0,,3.64092096854627,,,,,,,,73038,2.00104859136332,,,,,,,,,,,,,,,,,,,,,,,,,,,,,,,,,,,,,,,,,94.1735992431641,,,,,,,,,,,,,,,,,,,,
CF,2555492085.24831,1259.82439976102,0.870251450842758,14.4408262093734,29.0397439989846,,,3.39995299007134,,175.005796934209,97.3649999972063,23.7477562200269,,,43.480570208358,5152421,1.06107453184959,,,,,,,,,,42.0,,,,,,,,,,,,,,,,,,,,2.5,,2.0,,,,,,6.286,,,,12.8571428571429,,,,,,,,,,,,,,,,,,,
TD,13149325362.3347,1863.94062120816,4.12231962001739,43.5044116555991,48.072669628379,,,-0.936604165489314,,143.049515597449,74.6036639598641,25.7554813932324,,,91.5770812839781,19319064,4.57399213394625,,,,,,,,,,67.0,,,,,,,,,,,,,,,,,,,,2.0,,2.5,,,,,,1.082,,,,25.8883248730965,,,,,,,,,,,,,,,,,,,
CL,335533331669.219,33234.9798440715,0.218780666901552,31.1367365250198,29.8303574695752,21737835925.3814,,6.59951204566833,,170.651472801548,60.6371404279947,22.9537913250417,,,60.967093994595,19658835,0.53962870957127,,,,,,,,,94.1192,96.0,,,,,,,,,,,,,,,,,,,,,,,,,,,,9.037,,21.5449905395508,,35.4838709677419,,,,,10.1,,,,,,,,,,,,,,
CN,17794783039552.0,24569.2865118726,5.24955786387791,19.7430723247274,17.573699039207,42727679407.24,4.96128802760332,-0.582393794026771,,132.229151902431,39.1285242594666,42.0789515576359,,,37.3167713639344,1410710000,-0.103794531589067,,,,,,,,,77.4827,97.0,,,,,,,,,,,,,,,,,,,,,,,,,,,,4.67,,,,26.5367819952973,,,,,12.2,,,,,,,,,,,,,,
CO,363493841244.303,21448.0925680684,0.610409565791542,17.8372967672269,22.6565033851461,17144522051.9865,13.8189997645355,6.33605731984103,,184.119324369034,76.4630915420316,13.6023346887484,,,40.4938001523729,52321152,1.12092864340999,,,,,,,,,,90.0,,,,,,,,,,,,,,,,,,,,,,,,,,,,9.565,,16.4727363586426,,28.8770053475936,,,,,13.9,,,,,,,,,,,,,,
KM,1352380971.24055,3883.12647595233,2.99567457175966,12.955861475022,34.9854967116694,5352754.89432874,,2.91808886046567,,,100.060601881367,12.7170165749988,,,47.9413581866914,850387,1.92327433672711,,,,,,,,,,75.0,,,,,,,,,,,,,,,,,,,,2.0,,2.5,,,,,,5.795,,,,16.6666666666667,,,,,1.04,,,,,,,,,,,,,,
CG,15321055822.5167,6850.27770621093,1.90686426346754,56.8959278033859,39.314466600576,26364470.0,,-7.56770228699291,,138.814612802413,44.108280717408,25.2109559920067,,,96.2103944039618,6182885,2.41919038084212,,,,,,,,,,78.0,,,,,,,,,,,,,,,,,,,,2.5,,3.0,,,,,,20.054,,,71.8326110839844,14.5695364238411,,,,,,,,,,,,,,,,,,,
CD,66383287002.9867,1615.75070528392,8.56086250904089,44.2459902044245,47.0152754036475,2375258886.51998,,13.1719312219148,,,62.7208190811395,32.1151182270969,,,91.261265608072,105789731,3.25963514299902,,,,,,,,,,60.0,,,,,,,,,,,,,,,,,,,,2.5,,2.0,,,,,,4.544,,,76.9597015380859,12.8,,,,,,,,,,,,,,,,,,,
CR,86497941439.0174,28536.3687260831,5.11192183224598,38.9156320351491,33.5563670450278,4687479757.85749,9.19254167495134,-0.087922596921004,,143.695505220117,64.510647827062,15.2565937229937,,,72.4719990801769,5105525,0.46646444898736,,,,,,,,,85.127,99.0,,,,,,,,,,,,,,,,,,,,,,,,,,,,8.304,,,,47.3684210526316,,,,,13.3,,,,,,46.7,0.9,,52.1,35.1,12.7,3.0,,
CI,78875489245.0538,7197.690104362,6.199999999987,24.5199592562693,28.0539609576358,214905250.0,,2.92244000008407,,130.764985523184,64.9314197578176,28.1135035890477,,,52.5739202139052,31165654,2.50384681190665,,3.42992997169495,,,,,,,,79.0,,,,,,,,,,,,,,,,,,,,4.0,,3.5,,,,,,2.403,,,80.2278900146484,13.7254901960784,,,,,0.784,,,,,,,,,,,,,,
HR,84393795502.4421,46777.5010828572,3.30254488086325,52.9341592859634,54.7667601446359,3341914870.68901,,11.7403306343319,,134.878310665712,57.2645246366312,23.2818000891938,,,107.700919430599,3859686,0.104856226330186,,,,,,,,,83.2412,93.0,,,,,,,,,,,,,,,,,,,,,,,,,,,,6.063,,,,31.7880794701987,,,,,30.9,,,,,,,,,,,,,,
CW,3281419347.37053,32059.7222328263,4.20199999999977,,,136602563.648045,,2.40355185282874,,,,,,,,147862,-1.43292207278827,,,,,,,,,,,,,,,,,,,,,,,,,,,,,,,,,,,,,,,,,,,,,,,,,,,,,,,,,,,,,
CY,33886930712.3394,60144.59375,2.61190090914745,97.0188279262,95.7680936007986,-8942336964.35326,,3.82970232014782,,117.114122395083,59.6767025029907,20.5141680170979,,,192.786921526999,1344976,1.0167681770201,,,,,,,,,91.2212,95.0,,,,,,,,,,,,,,,,,,,,,,,,,,,,5.964,,,,14.2857142857143,,,,,29.3,,,,,,,,,,,,,,
CZ,343207874553.734,55875.1274861367,-0.085330275927376,68.9733370768244,63.9787560820245,8225354599.29861,-3.21389905957262,8.15889263966358,,158.923132055187,43.9926222249174,27.9925844224832,,,132.952093158849,10864042,1.78238907045946,,,,,,,,,85.9941,94.0,,,,,,,,,,,,,,,,,,,,,,,,,,,,2.593,,,,26.0,,,,,11.1,,,,,,,,,,,,,,
DK,407091920305.404,77236.81740886,2.49518433148894,67.9596433833598,59.8089240967317,4576876842.84454,,-3.78891798596015,,125.569145611999,45.4658935690809,22.8265168619473,,,127.768567480091,5946952,0.741185515720057,,,,,,,,,98.7756,97.0,,,,,,,,,,,,,,,,,,,,,,,,,,,,5.142,,,,43.5754189944134,,,,,12.7,,,,,,,,,,,,,,
DJ,4098530513.55777,7103.6910898466,6.67664964361434,169.105788685534,173.596569008243,137009451.0,,4.56452579428684,,132.196520309031,60.5692184451516,29.4321187058151,,,342.702357693776,1152944,1.38410272350128,,,,,,,,,,72.0,,,,,,,,,,,,,,,,,,,,3.0,,3.0,,,,,,26.258,,,,26.1538461538462,,,,,2.49,,,,,,,,,,,,,,
DM,653992592.592593,19333.7646058722,4.71223818531963,,,20691116.4076457,2.98383776701235,2.86621599756806,,119.322667519736,,,,,,66510,-0.473991407609536,,4.65674114227295,,,,,,,,56.0,,,,,,,,,,,,,,,,,,,,4.0,,4.0,,,,,,,,,89.2063522338867,37.5,,,,,,,,,,,,,,,,,,,
DO,121444279313.931,25624.0097724218,2.36061568723294,21.1387561330729,28.4765760588189,4750500000.0,7.52708778224265,6.42391980187598,,169.2906134919,64.7106699695743,31.3371205479558,,,49.6153321918918,11331265,0.891159203732232,,,,,,,,,,90.0,,,,,,,,,,,,,,,,,,,,,,,,,,,,5.557,,18.7137393951416,85.0387496948242,27.8947368421053,,,,,10.1,,,,,,,,,,,,,,
EC,118844826000.0,16062.0163648341,2.35521790742197,29.0653688196742,28.7823855285042,383006348.523188,,-0.408196858042402,,131.021069370666,64.3485901523386,21.4485365984717,,,57.8477543481784,17980083,0.872456027022398,,3.89365005493164,,,,,,,72.6943,70.0,,,,,,,,,,,,,,,,,,,,,,,,,,,,3.367,,,100.199676513672,43.0656934306569,,,,,7.98,,,,,,44.6,3.8,,49.8,33.2,29.6,10.3,,
EG,396002496996.96,18524.5572197031,3.75870055176806,19.1021039290635,21.3403342882993,9840600000.0,-5.66130850390234,24.8250653743744,,486.342894474661,82.5758842341734,12.8753925650879,,,40.4424382173628,114535772,1.68834126904494,,,,,,,,,,96.0,,,,,,,,,,,,,,,,,,,,,,,,,,,,7.306,,,,27.5337837837838,,,,,10.9,,,,,,,,,,,,,,
SV,34015620000.0,12657.0340625254,3.51097706608982,31.1262002574112,49.7966816421397,638117023.61,,2.7288450232809,101.704452248702,127.883032020654,81.3796132482665,19.279172333181,,25.9273204280269,80.9228818995509,6309624,0.465531145369394,,3.17218995094299,90.0,,,,,,,96.0,,,,,,,,,,,,,,,,,,,,,,,,,,,20.606823550416,2.758,,7.26999998092651,80.9585800170898,27.3809523809524,,,,,,,,,,,,,,,,,,,
GQ,12337550583.754,17411.5002343839,-5.08930872071532,36.6023261927194,24.8409553263226,,,-7.64752019845845,,,52.67525676687,9.3599926039255,,,61.443281519042,1847549,2.41057232825781,,,,,,,,,,74.0,,,,,,,,,,,,,,,,,,,,,,,,,,,,8.666,,,,31.0,,,,,,,,,,,,,,,,,,,
EE,41291245222.1948,49500.6536206928,-3.02303584066192,77.8577030027173,77.0015416189322,5350805151.56147,,8.05478314709862,,165.860163840732,52.2685517934181,27.694515970385,,,154.859244621649,1370286,1.57745133607335,,,,,,,,,93.1834,90.0,,,,,,,,,,,,,,,,,,,,,,,,,,,,6.345,,,,28.7128712871287,,,,,17.4,,,,,,,,,,,,,,
SZ,4442875788.08505,11245.1491471111,5.01490471257054,,,28132551.483073,9.06621202251704,1.62022800466512,,,,,,,,1230506,0.946270731993531,,6.31294202804565,,,,,,,,85.0,,,,,,,,,,,,,,,,,,,,,,,,,,,,37.636,,18.2514572143555,90.1588668823242,17.1428571428571,,,,,3.41,,,,,,,,,,,,,,
ET,163697927593.982,3058.12804387633,6.49813464238613,6.59300267773163,13.9924088899406,3262966283.51939,,33.0206928816945,,858.423451765946,78.909595946394,22.1714596641164,,4.50538091523482,20.5854115676722,128691692,2.6036241976442,,,,,,,,,,72.0,,,,,,,,,,,,,,,,,,,,3.0,,2.0,,,,,3.93142273811014,3.497,,,55.9035835266113,41.3135593220339,,,,,,,,,,,,,,,,,,,
FO,3907323961.33964,78103.483399586,2.4890581166362,57.7188961490028,56.6189827007871,,,4.0731868743961,,,40.5727276441942,31.0048550721946,,,114.33787884979,54482,0.977560950757493,,,,,,,,,,,,,,,,,,,,,,,,,,,,,,,,,,,,,,,,,,,,,,,,,,,,,,,,,,,,,
FJ,5442046565.04719,15152.1376449166,7.52429088237292,,,28976170.0,0.836818515553097,4.09957635834306,,137.796480489671,,,,,,924145,0.51237740019889,,4.24679803848267,,,,,,,,99.0,,,,,,,,,,,,,,,,,,,,3.5,,3.0,,,,,,4.327,,,112.210441589355,10.9090909090909,,,,,,,,,,,,,,,,,,,
FI,295532341254.907,64055.858142792,-1.16396281522198,42.8153812381092,42.5182935752964,-260116463.672399,,3.91351734729513,,131.040820253141,53.2928435533441,22.8139177520855,,,85.3336748134055,5583911,0.499192375381062,,,,,,,,,93.5139,91.0,,,,,,,,,,,,,,,,,,,,,,,,,,,,7.155,,,,46.0,,,,,2.82,,,,,,,,,,,,,,
FR,3051831611384.76,61473.3030822433,0.936487502671483,34.2800305804742,36.279524212719,8803377981.64788,,5.30357175264875,,124.027345193475,53.3567129830893,23.1533644509286,,,70.5595547931931,68287487,0.326319200823468,,,,,,,,,86.8364,96.0,,,,,,,,,,,,,,,,,,,,,,,,,,,,7.323,,24.354621887207,,37.7816291161178,,,,,56.0,,,,,,,,,,,,,,
GA,19388402541.6698,20757.0723768678,2.44588083119469,63.728334784929,27.7503319259307,,,-9.96401107833999,,135.70604334892,34.4798397488958,18.076037701764,,,91.4786667108597,2484789,2.19891289669511,,,,,,,,,,70.0,,,,,,,,,,,,,,,,,,,,,,,,,,,,20.361,,,,24.4897959183673,,,,,,,,,,,,,,,,,,,
GM,2396111021.64149,3254.37457704257,4.79750895186164,9.60449609672499,32.8315063993382,208372222.211356,4.45329654548509,15.6019043854862,,256.267499051756,85.9179912596809,27.2873451105666,,,42.4360024960632,2697845,2.30124049704572,,2.69659471511841,,,,,,,,84.0,,,,,,,,,,,,,,,,,,,,3.0,,3.0,,,,,,6.479,,9.04935646057129,75.556510925293,8.62068965517241,,,,,,,,,,,,,,,,,,,
GE,30777833585.4441,25071.9677147202,7.8322012152783,49.2670598176264,57.8841193508743,2085707951.1,10.2601218588529,2.94809953621152,,176.623016666667,71.4697191320286,24.9987945168551,,,107.151179168501,3715483,0.0802640328443946,,3.73861002922058,,,,,,,81.8842,88.0,,,,,,,,,,,,,,,,,,,,,,,,,,,,11.622,,34.5390701293945,106.99535369873,18.4397163120567,,,,,7.3,,,,,,,,,,,,,,
DE,4525703903627.53,71438.2896605113,-0.266438410090913,43.4023485563427,39.3967578932279,19515498091.7767,,6.14291653024772,,131.892448207044,49.9266046278267,21.6725400485002,,,82.7991064495705,83280000,-0.620053754616789,,,,,,,,,92.4764,91.0,,,,,,,,,,,,,,,,,,,,,,,,,,,,3.045,,,,35.1902173913043,,,,,45.9,,,,,,,,,,,,,,
GH,76370396722.154,7543.02674728777,2.94478583082221,34.0367592151643,34.9998302644838,1319315614.67989,,33.0798250532954,,609.972588583069,84.2485107085241,10.8475973001109,,,69.0365894796481,33787914,1.90860289687983,,,,,,,,,,95.0,,,,,,,,,,,,,,,,,,,,3.5,,4.0,,,,,,3.079,,,,14.5454545454545,,,,,0.946,,,,,,,,,,,,,,
GR,243498333237.802,41922.6105205351,2.3321238825698,43.7082588320458,48.4480311941784,4722066764.49034,,5.87456266805546,,115.61014338928,66.8996651467981,16.7312327593368,,,92.1562900262242,10405588,-0.300290930163656,,,,,,,,,85.0102,99.0,,,,,,,,,,,,,,,,,,,,,,,,,,,,10.997,,,,23.0,,,,,48.4,,,,,,,,,,,,,,
GD,1316733333.33333,18807.9447446443,3.56612861773655,,,163816991.111111,2.99257880260129,3.823033409956,,114.381235918893,,,,,,117081,0.143593450145476,,,,,,,,,,86.0,,,,,,,,,,,,,,,,,,,,4.0,,3.5,,,,,,,,,,31.25,,,,,,,,,,,,,,,,,,,
GT,104450210572.012,13750.28790648,3.52679214166824,16.5614935385372,31.6269582863156,1583156540.0,4.98806734932895,6.64227801635242,,,87.3949300415002,16.4400769400898,,,48.1884518248528,18124838,1.53986971917384,,3.17938995361328,,,,,,,,83.0,,,,,,,,,,,,,,,,,,,,,,,,,,,,2.705,,4.16229772567749,86.4279022216797,20.0,,,,,10.7,,,,,,,,,,,,,,
GN,22199409741.2578,4383.15219659423,6.74493444630886,41.5653232624964,48.9771253382285,1307980000.0,,3.92197888518862,,389.954566905293,72.9331551011167,20.8605222670854,,,90.542448600725,14405468,2.46199049961035,,,,,,,,,,47.0,,,,,,,,,,,,,,,,,,,,2.5,,3.0,,,,,,5.297,,,,29.6296296296296,,,,,,,,,,,,,,,,,,,
GW,2048348108.35852,2862.07122513845,5.19926829741253,13.8832772888755,28.1505489888657,257470.0,,5.39039286757867,,,73.8903921716972,23.9636336125093,,,42.0338262777412,2153339,2.24529187264064,,,,,,,,,,74.0,,,,,,,,,,,,,,,,,,,,1.5,,2.0,,,,,,3.183,,,,9.80392156862745,,,,,,,,,,,,,,,,,,,
GY,17159509565.4676,54732.1440663013,33.8026170921817,,,6900000.0,24.379574217425,-12.8675261337105,,134.478057859335,,,,,,826353,0.57233513230005,,,,,,,,,,98.0,,,,,,,,,,,,,,,,,,,,3.0,,3.0,,,,,,12.43,,,,36.6197183098592,,,,,,,,,,,,,,,,,,,
HT,19850829757.5418,3281.21232071513,-1.86388420254838,5.27068998656754,25.5147337129684,23647920.0,-13.1530212648201,31.5119631448975,,559.741538412178,100.173485065912,13.8536836673602,,,30.7854236995359,11637398,1.15633263604117,,,,,,,,,,51.0,,,,,,,,,,,,,,,,,,,,1.5,,2.0,,,,,,14.623,,,,,,,,,,,,,,,,,,,,,,,
HN,34400509852.0436,7178.80729487996,3.58260362632656,37.010574858456,60.9429036101699,1086111945.15352,7.74172345044945,6.1785877403702,,189.116778929842,86.392491065913,23.118689953979,,,97.9534784686259,10644851,1.71477388415816,,4.04616022109985,,,,,,,,73.0,,,,,,,,,,,,,,,,,,,,2.5,,2.0,,,,,,6.062,,,75.7510986328125,27.34375,,,,,4.17,,,,,,,,64.1,,,,,,
HK,380812234827.832,71548.9642046156,3.27652625631858,176.759868272113,176.038779165958,111109239723.332,2.91219092527806,2.77774905222925,,142.610948411804,70.5643712891161,15.4520004521061,,,352.798647438071,7536100,2.55352466697343,,3.80310010910034,,,,,,,,,,,,,,,,,,,,,,,,,,,,,,,,,,,,3.931,,,86.300910949707,,,,,,46.8,,,,,,,,,,,,,,
HU,212388906458.724,45931.0864924791,-0.907685956140242,81.2041797233293,76.0920441628175,-72234232901.2071,0.481988651849058,14.7490051351556,,177.341119890072,49.5100540330644,25.3457083347974,,,157.296223886147,9592186,-0.542624252156938,,,,,,,,,91.4501,99.0,,,,,,,,,,,,,,,,,,,,,,,,,,,,4.126,,,,14.070351758794,,,,,27.8,,,,,,,,,,,,,,
IS,31325116556.3807,78380.0532417946,5.03717943960838,43.6436703310559,43.1509786054567,688474931.162357,5.51703690281139,5.69949212718926,81.0578812308369,163.199594369605,49.5063171909382,24.8660780868475,,31.8253916489808,86.7946489365126,393349,2.92687965279829,,,,,,,,,,92.0,,,,,,,,,,,,,,,,,,,,,,,,,,,23.43609824764,3.562,,,,47.6190476190476,,,,,21.3,,,,,,,,,,,,,,
IN,3567551674623.01,10166.2434105835,8.1529363109041,21.8482115022381,24.0736387142048,28078983530.3979,,1.33405065563208,,216.862025027426,60.3423860625965,33.3198612583639,,,45.9218502164429,1438069596,0.883289539766135,,,77.0,,,,,,,91.0,,,,,,,,,,,,,,,,,,,,,,,,,,,,4.172,,13.2299995422363,93.4889602661133,15.2416356877323,,,,,2.15,,,,,,,,,,,,,,
ID,1371171152331.16,15415.6057934697,5.04810577067288,21.7465817671945,19.5690849947929,22085914486.0992,7.28195525441058,1.5330736733459,,169.056700046911,54.4231875965533,30.5197743952542,,,41.3156667619874,281190067,0.842666137328498,,1.27517092227936,,,,,,,69.2084,83.0,,,,,,,,,,,,,,,,,,,,,,,,,,,,3.417,,9.32683753967285,101.923690795898,21.5652173913044,,,,,3.26,,,,,,36.1,1.8,9.4,44.6,29.9,61.8,17.5,,
IR,404625655204.619,17659.8739291119,5.04489051061807,24.2011132509509,27.9790625604926,86665140.0,,30.4931401221187,,2140.21942916994,50.29503052473,,,,52.1801758114434,90608707,1.20408185634218,,2.92892384529114,,,,,,,,99.0,,,,,,,,,,,,,,,,,,,,,,,,,,,,9.103,,,,5.59440559440559,,,,,32.0,,,,,,,,,,,,,,
IQ,250842782139.464,14107.2979268389,-2.93555773971221,,,-5363500000.0,,-18.1894127218862,,139.784084815516,,,,,,45074049,2.25148890849618,,,,,,,,,,91.0,,,,,,,,,,,,,,,,,,,,,,,,,,,,15.529,,,,29.0519877675841,,,,,4.39,,,,,,,,,,,,,,
IE,551394889339.778,127873.163599903,-5.53000736095537,135.058214305059,102.157667032559,-139972323560.253,,3.62187153658782,,124.594480724668,26.765594002034,26.3322520716791,,,237.215881337618,5307600,2.70991347020317,,,,,,,,,,89.0,,,,,,,,,,,,,,,,,,,,,,,,,,,,4.34,,,,23.125,,,,,22.6,,,,,,,,,,,,,,
IL,513611100815.691,53823.287887025,2.42300691049012,30.6040435938361,26.9242084709227,15110600000.0,,4.26608944082265,,118.754154401291,47.8245415406011,26.112915649354,,,57.5282520647588,9756600,2.06177924891639,,,,,,,,,,98.0,,,,,,,,,,,,,,,,,,,,,,,,,,,,3.389,,,,24.1666666666667,,,,,31.4,,,,,,,,,,,,,,
IT,2300941152991.81,59719.7594054714,0.69763299419678,33.7297334484836,32.5103733484386,42019753074.4717,-0.875338874807456,5.81875394007432,,128.617291886527,58.3587914932763,22.75497093188,,,66.2401067969222,58993475,-0.0342216578672275,,,,,,,,,87.0278,95.0,,,,,,,,,,,,,,,,,,,,,,,,,,,,7.618,,,,32.25,,,,,33.8,,,,,,,,,,,,,,
JM,19423355409.2316,11421.7535570054,2.20006147154612,,,376524958.397676,-0.0312361035312853,11.6865531940529,,212.674339878131,,,,,,2839786,0.0226098931571573,,5.65453672409058,,,,,,,,98.0,,,,,,,,,,,,,,,,,,,,,,,,,,,,4.417,,,79.4754486083984,28.5714285714286,,,,,16.2,,,,,,,,,,,,,,
JP,4204494802431.55,50105.9043606158,1.67901952310368,21.8105445779804,23.3521039062351,19983856529.9978,,3.79301783489684,,111.364035858675,,26.1770855676398,,,45.1626484842154,124516650,-0.487370782049143,,,,,,,,,,98.0,,,,,,,,,,,,,,,,,,,,,,,,,,,,2.575,,,,10.3448275862069,,,,,48.0,,,,,,,,,,,,,,
JO,50967475352.1127,10391.0136135688,2.67827153754409,43.5298318874029,56.7462140830907,842816901.408451,7.03807269675926,1.79036458654697,,135.895840722819,,,,,100.276045970494,11439213,1.61225050235636,,,95.0,,,,,,,96.0,,,,,,,,,,,,,,,,,,,,,,,,,,,,17.944,,,97.1706466674805,12.3076923076923,,,,,3.94,,,,,,,,,,,,,,
KZ,262641892078.524,38515.1836009977,5.09999999973641,34.4043098837574,27.3689161894276,5437312390.6917,,9.85761932391583,20.8220895673088,288.035913621386,51.2868418235779,29.743445170011,,16.4861706026168,61.773226073185,20330104,1.46415151694869,,,,,,,,,92.8785,99.0,,,,,,,,,,,,,,,,,,,,,,,,,,,11.8561721571431,4.847,,,105.610511779785,18.3673469387755,,,,,12.7,,,,,,,,,,,,,,
KE,108038588970.595,6307.23249419297,5.55587301319866,11.6861054407608,20.405973840686,728766608.605276,7.0500938448989,6.10780209189015,,246.295256788022,76.9493168421118,16.3568914711063,,18.5460646224245,32.0920792814469,55339003,1.98296028478422,,3.96229314804077,,,,,,,,93.0,,,,,,,,,,,,,,,,,,,,3.5,,3.5,,,,,13.9931197653574,5.682,,,,23.2758620689655,,,,,0.123,,,,,,,,,,,,,,
KI,279208903.337644,3546.91818832629,4.12459054312031,7.36810244749678,92.3771365892843,5110622.69797061,,3.36844589533216,,121.133463779108,,,,83.8045393535179,99.7452390367811,132530,1.56733842415292,,,,,,,,,,90.0,,,,,,,,,,,,,,,,,,,,3.5,,3.5,,,,,18.3135701965955,,,,103.291381835938,6.66666666666667,,,,,0.0196,,,,,,,,,,,,,,
KR,1712792854202.37,54033.1599772519,1.35673324311098,43.9956698686696,43.9440093217037,15178400000.0,3.06189296952557,2.06407396162432,,129.195964772806,48.9275595983311,32.129273979048,,,87.9396791903733,51712619,0.077477253324535,,,,,,,,,97.416,98.0,,,,,,,,,,,,,,,,,,,,,,,,,,,,2.642,,35.6374397277832,,19.0635451505017,,,,,42.8,,,,,,,,,,,,,,
KW,163704878875.85,51561.3638127917,-3.64042590261035,,,2114603344.83449,13.2600017237269,-7.35671016267938,,144.072391440901,,,,,,4853420,5.58813678140227,,5.02626085281372,,,,,,,99.7473,99.0,,,,,,,,,,,,,,,,,,,,,,,,,,,,2.076,,,,3.07692307692308,,,,,11.8,,,,,,,,,,,,,,
KG,13987627908.8381,7106.49114289303,6.15139183716032,39.1622646226036,100.993450396404,1500000.0,5.0170494227889,13.4157414075184,44.0004229803138,233.709575724236,89.5443139825672,30.3559983946603,,33.2825453161806,140.155715019007,7099750,1.76957754134087,,6.82694673538208,,,,,,,,86.0,,,,,,,,,,,,,,,,,,,,2.5,,3.0,,,,,21.2811665207908,4.038,,,92.999641418457,20.0,,,,,2.62,,,,,,,,,,,,,,
LA,15843155731.2552,9291.78859001131,3.74568140158232,,,1781176779.47453,,24.4217202066692,,239.071544726127,,,,,,7664993,1.39237667233214,,1.23375165462494,,,,,,,,84.0,,,,,,,,,,,,,,,,,,,,2.5,,3.0,,,,,,1.181,,,89.957389831543,21.9512195121951,,,,,,,,,,,,,,,,,,,
LV,42247850064.5125,41251.7728022402,1.70679524969924,66.9707758270699,70.7100697951548,1689068343.71427,,6.4069165256975,,154.567925394545,63.1347974481171,23.9940062166001,,,137.680845622225,1877445,-0.103172153311714,,,,,,,,,92.1879,98.0,,,,,,,,,,,,,,,,,,,,,,,,,,,,6.534,,,,32.0,,,,,7.52,,,,,,,,,,,,,,
LS,2117962450.79469,2880.96631005117,1.82662525852363,42.9229805805595,98.5907749545486,-25647817.1357355,11.4937393751692,-0.368097835928623,,199.779473243937,92.8642558969073,27.2206686483307,,,141.513755535108,2311472,1.10328678263994,,6.69212198257446,,,,,,,,87.0,,,,,,,,,,,,,,,,,,,,3.0,,3.0,,,,,,16.46,,,71.1334838867188,26.4462809917355,,,,,0.318,,,,,,,,,,,,,,
LR,4240000000.0,1794.53340863361,4.68375688761311,,,87372830.0,,1.23085463416679,,423.153943398049,,,,,,5493031,2.20390696065654,,,,,,,,,,82.0,,,,,,,,,,,,,,,,,,,,2.5,,2.5,,,,,,2.939,,,,10.958904109589,,,,,,,,,,,,,,,,,,,
LY,45096462972.4014,13848.7950025505,10.1558181770326,85.1137376753101,70.5414639888686,-164183330.0,,-5.34146995735976,,278.263946612131,32.4224581190911,16.4803551353643,,,155.655201664179,7305659,1.12674309223491,,,,,,,,,,73.0,,,,,,,,,,,,,,,,,,,,,,,,,,,,18.743,,,,16.4705882352941,,,,,,,,,,,,,,,,,,,
LT,79789877416.1681,53184.755285749,0.34226255222913,76.4728581033646,72.5690509112436,3831114463.91848,,9.02175581692678,,163.813865619739,57.3241995649036,21.9341715222081,,,149.041909014608,2871585,1.40084461829591,,,,,,,,,88.5029,90.0,,,,,,,,,,,,,,,,,,,,,,,,,,,,6.962,,,,28.3687943262411,,,,,7.83,,,,,,,,,,,,,,
LU,85755006123.5976,143809.50584454,-1.09572361576994,212.530618289922,181.690075385809,-23678690370.0,,3.43002456230172,,131.233961233961,32.2194928630476,17.9502229880758,,,394.220693675731,666430,2.02002574712319,,,,,,,,,99.3479,99.0,,,,,,,,,,,,,,,,,,,,,,,,,,,,5.188,,,,33.3333333333333,,,,,,,,,,,,,,,,,,,
MO,45803067940.4072,116491.070017441,75.0613769262435,91.3583589654724,50.651724212624,528732909.516832,1.31258147229051,4.63616686120965,,147.469479571402,30.0716436338431,15.4494108218169,,,142.010083178096,678800,0.221222713921319,,,,,,,,,,,,,,,,,,,,,,,,,,,,,,,,,,,,,,2.246,,,89.523811340332,,,,,,12.2,,,,,,,,,,,,,,
MG,15790113246.7478,1823.81732941305,3.80000000009488,26.8675598855334,33.9114943265549,119264100.0,41.2992363184803,8.69367544716614,,241.510481738622,63.1308778376962,21.5936856636199,,,60.7790542120883,31195932,2.46201530433165,,,,,,,,,,65.0,,,,,,,,,,,,,,,,,,,,2.5,,2.5,,,,,,3.061,,,60.4006195068359,18.5430463576159,,,,,0.0109,,,,,,,,,,,,,,
MW,12712150082.0792,1829.50768925379,1.89245798756383,,,203252807.529971,8.74625276181583,22.8067220172078,,773.939571837271,,,,,,21104482,2.57135708610945,,,,,,,,,18.0,91.0,,,,,,,,,,,,,,,,,,,,3.0,,3.5,,,,,,5.044,,,68.4686279296875,20.7253886010363,,,,,0.0228,,,,,,,,,,,,,,
MY,399705169318.477,36416.5401853099,3.55548715410509,68.5819009768029,63.4824063018645,7918601050.23636,7.32680719159387,-1.87225562537837,,130.378270288285,60.4809908842819,22.4702448103035,,,132.064307278667,35126298,1.23402869169549,,3.62725496292114,,,,,,,97.6927,97.0,,,,,,,,,,,,,,,,,,,,,,,,,,,,3.855,,,98.7665863037109,13.5135135135135,,,,,23.9,,,,,,,,,,,,,,
MV,6590894301.9579,24735.0754169658,4.72639189000989,74.3820820556303,75.6502878713783,761516184.789222,9.61638601357274,1.88425407158763,,142.64078208493,51.2678167882132,32.8813720211951,,,150.032369927009,525994,0.359585188904548,,5.16706371307373,,,,,,,,99.0,,,,,,,,,,,,,,,,,,,,3.0,,3.0,,,,,,4.127,,,98.4593505859375,4.59770114942529,,,,,2.44,,,,,,,,,,,,,,
ML,20661794596.0873,2657.71298407985,4.65677599093294,29.4050554839946,39.9858729507148,23220550.0,,2.22593321089587,,126.969916905327,74.1535250489727,18.9179777529698,,,69.3909284347094,23769127,2.97400537620334,,,,,,,,,,77.0,,,,,,,,,,,,,,,,,,,,2.0,,2.0,,,,,,3.008,,,49.7081604003906,28.5714285714286,,,,,,,,,,,,,,,,,,,
MT,22328640241.5553,66588.9783797742,7.49851245937869,122.76554394888,104.687945212881,25147936924.7083,,5.30471876620035,,129.28510661979,45.7985850380618,19.5540820486903,,,227.453489161761,552747,3.91764986035828,,,,,,,,,91.9155,98.0,,,,,,,,,,,,,,,,,,,,,,,,,,,,3.125,,,,27.8481012658228,,,,,48.6,,,,,,,,,,,,,,
MH,259300000.0,7532.17477307826,-3.93487109905021,38.9224450443502,71.2497878904744,,,6.51974948608529,,,70.6602776706518,19.7239876590821,,,110.172232934825,38827,-3.16867227675357,,,,,,,,,,85.0,,,,,,,,,,,,,,,,,,,,3.5,,3.5,,,,,,,,,,12.1212121212121,,,,,,,,,,,,,,,,,,,
MR,10651709411.4594,6946.19393340541,6.50718719858594,38.2879909023547,53.1825806849992,848351729.722353,,3.37147741701096,,164.572369168803,55.3226885394368,42.399632595093,,,91.4705715873539,5022441,2.96653079197429,,2.64603042602539,,,,,,,,90.0,,,,,,,,,,,,,,,,,,,,3.0,,3.0,,,,,,10.512,,,,23.2954545454545,,,,,,,,,,,,,,,,,,,
MU,14644524819.0054,29511.2274099553,6.95828740328457,52.4706712906744,55.4331839430879,16170640.0,0.914376243873279,8.507830178109,,164.403192624939,66.4500985794602,23.666763712501,,23.6903507963727,107.903855233762,1261041,-0.117452949112512,,4.56763982772827,,,,,,,,96.0,,,,,,,,,,,,,,,,,,,,,,,,,,,19.7868771989555,6.057,,,90.1701736450195,20.0,,,,,36.4,,,,,,,,,,,,,,
MX,1789114434843.46,25351.4404066599,3.19998116598492,35.9817308051803,37.1760448278547,30199980895.0,6.82726295643863,4.45991367594138,45.2613919277323,176.116003638578,70.256436501059,24.5819886861257,,19.1429649561721,73.157775633035,129739759,0.872178517508623,,,,,,,,,81.1832,85.0,,,,,,,,,,,,,,,,,,,,,,,,,,,14.2665980098948,2.812,,,,50.0,,,,,19.8,,,,,,,,,,,,,,
FM,460000000.0,4313.62760101578,0.784313725490193,27.3453695652174,67.5368260869565,,,6.1442403402407,,,,,,,94.8821956521739,112630,0.459189928699194,,,,,,,,,,79.0,,,,,,,,,,,,,,,,,,,,3.5,,3.5,,,,,,,,,,14.2857142857143,,,,,,,,,,,,,,,,,,,
MD,16539436547.295,17596.8834167667,0.78324270969388,35.5383931498865,59.593181741774,357200000.0,3.33363793902442,8.70839048786753,,264.659839713206,85.2648714655053,20.7349196944424,,,95.1315748916605,2457783,-2.84274212689094,,6.25268602371216,,,,,,,,87.0,,,,,,,,,,,,,,,,,,,,,,,,,,,,1.623,,20.9641456604004,,38.6138613861386,,,,,27.6,,,,,,,,,,,,,,
MN,20325121393.9074,18004.8512058355,7.4221127615025,76.2571171270924,66.607129472089,2247573669.8872,,21.7690280161027,,277.162801529648,44.522259164658,33.9003731595217,,,142.864246599181,3481145,1.3708886685104,,3.74101543426514,,,,,,,,96.0,,,,,,,,,,,,,,,,,,,,,,,,,,,,6.134,,31.7103157043457,95.2509307861328,17.1052631578947,,,,,15.3,,,,,,,,,,,,,,
ME,7530593375.22034,31747.7926309416,6.33769754243548,49.9515696947634,68.591184320213,525868956.944273,-3.79759139792422,10.5429703323513,,146.372185064342,73.1385350855841,27.5972752657923,,,118.542754014976,616177,-0.167992320943883,,,,,,,,,,81.0,,,,,,,,,,,,,,,,,,,,,,,,,,,,15.254,,,106.734153747559,20.9876543209877,,,,,30.0,,,,,,,,,,,,,,
MA,144417103249.646,9842.888671875,3.40334130078834,42.752081172208,51.0393218884237,1095981205.98255,,6.36094888191869,,128.338641341941,61.3620180434316,28.8189902949244,,,93.7914030606318,37712505,1.02195181223548,,6.02096939086914,,,,,,,,99.0,,,,,,,,,,,,,,,,,,,,,,,,,,,,9.114,,,104.691070556641,24.3037974683544,,,,,7.62,,,,,,,,,,,,,,
MZ,20954220983.5473,1677.68102292349,5.43685912188634,45.2791164196367,60.348387217791,2683506270.92075,17.4723875576335,5.30134150828523,,237.222313580234,78.002277839117,19.8824088883357,,,105.627503637428,33635160,2.95358093047219,,,,,,,,,,70.0,,,,,,,,,,,,,,,,,,,,2.0,,2.5,,,,,,3.535,,,57.5668144226074,43.2,,,,,,,,,,,,,,,,,,,
MM,66757619000.0,5953.35735165887,0.958446625192025,,,,,10.7876664462616,,,,,,,,54133798,0.698879396261223,,,,,,,,,,76.0,,,,,,,,,,,,,,,,,,,,1.5,,1.0,,,,,,2.841,,,,,,,,,1.09,,,,,,,,,,,,,,
NR,154170289.321861,13831.8119737926,0.590699675931191,42.6666791692663,98.6931676730083,,,5.37381833304376,,,,,,,141.359846842275,11875,0.625107627709329,,,,,,,,,,99.0,,,,,,,,,,,,,,,,,,,,,,,,,,,,,,,111.384620666504,10.5263157894737,,,,,,,,,,,,,,,,,,,
NP,40908073366.8455,5393.62090216188,1.95254463264347,6.95504448280066,34.6824502284482,74821496.037077,,5.41614518486134,,238.106479175293,85.9446057097261,31.6586844616973,,,41.6374947112488,29694614,-0.0700958873206174,,3.68125796318054,,,,,,,,94.0,,,,,,,,,,,,,,,,,,,,3.0,,3.0,,,,,,10.685,,,115.035255432129,33.0882352941176,,,,,,,,,,,,,,,,,,,
NL,1154361305398.06,80760.5956257026,0.0745607216494903,88.5370818069331,77.3683752045478,-309007494869.332,,7.343742684744,,137.666390675753,42.1387618384806,19.9597414384989,,,165.905457011481,17877117,0.990139686700227,,,,,,,,,97.0068,92.0,,,,,,,,,,,,,,,,,,,,,,,,,,,,3.561,,,,40.0,,,,,23.6,,,,,,,,,,,,,,
NZ,252175506110.168,53834.3700074843,0.733302171674978,24.0744573859555,26.9494047256673,3592037225.12847,,4.75854916721366,,136.86287449004,,23.5633177564404,,,51.0238621116228,5223100,2.04836808947608,,,,,,,,,,88.0,,,,,,,,,,,,,,,,,,,,,,,,,,,,3.737,,,,44.2622950819672,,,,,12.8,,,,,,,,,,,,,,
NI,17829218219.3591,8309.3399128364,4.56922317096145,45.7989466199182,59.0697810434681,1230100000.0,-1.07265412819915,10.6686540407565,,211.983969101511,78.0801824791679,23.027221040513,,,104.868727663386,6823613,1.37167812196347,,,,,,,,,,89.0,,,,,,,,,,,,,,,,,,,,1.5,,1.5,,,,,,4.795,,,,51.6483516483517,,,,,3.43,,,,,,,,,,,,,,
NE,16819170420.5653,1890.50518592089,2.49999999999999,8.82572044697118,21.5947853362086,40389770.0,,3.38791792310056,,126.251804508777,,26.446775142129,,,30.4205057831798,26159867,3.29489175812772,,,,,,,,,,85.0,,,,,,,,,,,,,,,,,,,,3.0,,3.0,,,,,,0.55,,,47.896728515625,,,,,,,,,,,,,,,,,,,,
NG,363846332834.618,6207.42137845063,2.86021499108364,,,1872520530.04695,1.23305048739489,12.6218692275514,,524.90536465723,,,,,,227882945,2.09838916935738,,,,,,,,,,62.0,,,,,,,,,,,,,,,,,,,,3.0,,2.5,,,,,,3.074,,,,3.91061452513966,,,,,0.0491,,,,,,,,,,,,,,
MK,15763621848.115,26331.6349243128,2.07274977880975,67.8176527859159,80.8539435486925,641500343.167691,-2.1580240376152,7.76646685488322,,147.9575,68.4772316624596,29.634597089877,,,148.671596334608,1827816,-0.212923714310977,,,,,,,,,,86.0,,,,,,,,,,,,,,,,,,,,,,,,,,,,13.075,,21.0402164459229,,42.5,,,,,,,,,,,,,,,,,,,
NO,485310823603.662,104416.24489893,0.479647246011822,47.1984784940993,32.4674534282649,10720841228.8151,17.8198050632036,-10.6191584030873,,140.684100986336,37.5318833512143,25.8760167755779,,,79.6659319223642,5519594,1.13818460655469,,,,,,,,,99.0,96.0,,,,,,,,,,,,,,,,,,,,,,,,,,,,3.581,,,,46.1538461538462,,,,,,,,,,,,,,,,,,,
OM,108810923276.983,42519.7049918962,1.3104401130721,,,12488946684.0052,,-4.05592540343423,,119.395579550122,,,,,,5049269,6.52704988451128,,,,,,,,,95.2517,99.0,,,,,,,,,,,,,,,,,,,,,,,,,,,,1.46,,,94.466438293457,0.0,,,,,11.2,,,,,,,,,,,,,,
PK,337912301397.727,6036.65076923802,-0.0396925228069165,10.4799366025461,18.1203746435817,2048000000.0,,25.9997683355601,,343.42107928414,83.2188003295368,14.1148906380341,,,28.6003112461277,247504495,1.54880458608849,,1.86864340305328,,,,,,,,86.0,,,,,,,,,,,,,,,,,,,,3.0,,2.5,,,,,,5.499,,,,20.4678362573099,,,,,1.04,,,,,,,,,,,,,,
PW,281849062.5,17531.6984188274,1.87706979817723,,,,,8.24167046557693,,157.889653757745,,,,,,17727,-0.180352864081089,,3.43726491928101,,,,,,,,97.0,,,,,,,,,,,,,,,,,,,,,,,,,,,,,,,91.1999969482422,6.25,,,,,45.1,,,,,,,,,,,,,,
PS,17420800000.0,5896.71082944838,-5.41093700031979,19.593244856723,66.8006061719324,103535363.986695,,-3.90362226607192,,124.18798049845,101.502801249082,26.2054555473916,,,86.3938510286554,5165775,2.39326476511584,,,,,,,,,86.6377,88.0,,,,,,,,,,,,,,,,,,,,,,,,,,,,,,,91.4648513793945,,,,,,7.09,,,,,,,,,,,,,,
PA,83318176900.0,39803.3189532895,7.39930155626219,46.468393861364,43.0646745224211,2326839512.72,,1.70673831397947,,127.496057864854,46.6782894765908,37.7301749385733,,,89.5330683837851,4458759,1.30902688797168,,,,,,,,,,66.0,,,,,,,,,,,,,,,,,,,,,,,,,,,,6.701,,16.1276836395264,92.7561187744141,22.5352112676056,,,,,18.2,,,,,,48.9,1.3,,53.5,36.9,12.9,4.4,,
PG,30729242919.4411,4632.97979376141,3.03570475499642,,,82576809.1398717,12.4139820728789,-3.62211156973066,,183.94721776434,,,,,,10389635,1.81103162496893,,,,,,,,,,35.0,,,,,,,,,,,,,,,,,,,,2.5,,2.5,,,,,,2.651,,,,2.7027027027027,,,,,,,,,,,,,,,,,,,
PY,42956263543.9482,17516.798469519,4.71412407945468,42.5476516669139,40.4411242072937,240716542.910117,,2.06875531020788,,176.14642303433,66.2667893567321,19.6083334380963,,,82.9887758742076,6844146,1.23021616038983,,3.40649008750916,,,,,,,78.0948,71.0,,,,,,,,,,,,,,,,,,,,,,,,,,,,5.779,,,90.2502899169922,22.5,,,,,3.0,,,,,,,,,,,,,,
PE,267603248655.253,16974.2420029886,-0.55018230632048,27.0886151757731,23.8208931387619,3918253336.82371,,6.56634363134418,,159.8164418433,64.2500948236281,18.8085161599425,,,50.909508314535,33845617,1.09975320783678,,4.23516988754272,,,,,,,,84.0,,,,,,,,,,,,,,,,,,,,,,,,,,,,4.82,,,104.106643676758,38.7596899224806,,,,,4.44,,,,,,,,,,,,,,
PH,437146372729.942,10988.6300412045,5.54585117087767,26.6536917857896,40.7429286581991,9116297668.29214,,4.59648506190769,,154.691744685736,76.5188804369343,23.3211783050651,,15.7187829817515,67.3966204439887,114891199,0.810000998681961,,3.62368631362915,,,,,,,,89.0,,,,,,,,,,,,,,,,,,,,,,,,,,,14.1015072518775,2.233,,,80.7059707641602,27.3311897106109,,,,,4.03,,,,,,,,,,,,,,
PL,809200697797.088,49338.2844409538,0.138832754787188,58.1135991486384,52.3531798177922,34316000000.0,,9.54718862520608,,158.156080387267,57.7256358018703,17.5207328294543,,,110.466778966431,36687353,-0.365658526875775,,,,,,,,,86.4147,94.0,,,,,,,,,,,,,,,,,,,,,,,,,,,,2.905,,,,29.3478260869565,,,,,12.9,,,,,,,,,,,,,,
PT,289114289663.542,48859.1415409999,2.52628110806764,47.3459046957172,46.4237223892386,9706321480.01485,,6.90236590321598,,125.991328648484,62.1415693122961,20.5193634906027,,,93.7696270849558,10578174,1.36912985956796,,,,,,,,,85.7901,99.0,,,,,,,,,,,,,,,,,,,,,,,,,,,,6.491,,23.9583301544189,,36.0869565217391,,,,,52.8,,,,,,,,,,,,,,
PR,117902300000.0,47717.5129705699,0.563519426800866,53.9253263083078,47.8016120126579,,,3.23545943820875,,,79.9522994886444,14.2096464615194,,,101.726938320966,3205691,-0.448878435008411,,,,,,,,,,,,,,,,,,,,,,,,,,,,,,,,,,,,,,5.962,,,69.1488037109375,,,,,,23.4,,,,,,,,,,,,,,
QA,213002809330.267,128918.549288257,1.18715991184813,,,-474175824.175824,19.1951159448205,-10.6934814488438,,124.444834716253,,,,,,2656032,-0.0489708509014485,,,,,,,,,,95.0,,,,,,,,,,,,,,,,,,,,,,,,,,,,0.13,,,,4.44444444444444,,,,,17.6,,,,,,,,,,,,,,
RO,350775856415.189,47863.9519557787,2.40427177912809,39.1522005491869,43.9378668464882,8708794314.55246,-3.05841844463584,12.7699377919606,,167.656128062128,61.8732993716634,25.7736168430604,,,83.0900673956751,19059479,0.057609980983218,,,,,,,,,89.2034,78.0,,,,,,,,,,,,,,,,,,,,,,,,,,,,5.595,,,,19.0909090909091,,,,,10.3,,,,,,,,,,,,,,
RU,2021421476035.42,44120.14453125,3.60000000000001,23.0830029980002,18.7455221845073,-10045103795.0207,4.24838463209547,7.07360156603734,,,49.8026376483316,25.6976089444481,,,41.8285251825076,143826130,-0.285217600763343,,,,,,,,,92.245,97.0,,,,,,,,,,,,,,,,,,,,,,,,,,,,3.325,,,,16.4444444444445,,,,,,,,,,,,,,,,,,,
RW,14097768472.1883,3396.15532541582,8.24128769450616,25.4207037684665,40.5633385715907,459166412.257306,5.38215661748136,10.1301242308679,,233.035926477338,75.3046730104666,23.2859021868078,,,65.9840423400572,13954471,2.1984982050137,,4.92004013061523,,,,,,,,94.0,,,,,,,,,,,,,,,,,,,,3.5,,3.5,,,,,,14.932,,5.14924049377441,59.3042411804199,61.25,,,,,0.0599,,,,,,,,,,,,,,
KN,1055499777.77778,33749.700420686,2.2849480914594,,,32164621.8518519,1.4485880068977,5.14466745732078,,110.823845926704,,,,,,46758,0.104849849656036,,,,,,,,,,96.0,,,,,,,,,,,,,,,,,,,,,,,,,,,,,,,,31.25,,,,,,,,,,,,,,,,,,,
LC,2430148148.14815,25974.1960274448,2.21007265992306,,,138721841.111111,4.84270896581471,1.48963461512095,,123.326412840445,,,,,,179285,0.281512532799571,,,,,,,,,,74.0,,,,,,,,,,,,,,,,,,,,4.5,,4.0,,,,,,11.092,,,89.645393371582,11.1111111111111,,,,,,,,,,,,,,,,,,,
VC,1065962962.96296,20349.2285703519,6.01610914506236,,,81428525.1851852,3.00815848755378,4.03314414454677,,123.411122144985,,,,,,101323,-0.711025816110263,,,,,,,,,,94.0,,,,,,,,,,,,,,,,,,,,4.0,,4.0,,,,,,18.674,,,106.982543945312,18.1818181818182,,,,,10.1,,,,,,,,,,,,,,
WS,938189443.830393,6996.84192109141,8.58409121817338,28.7537995890581,61.9036809736442,2395914.9760041,-0.359754638867248,8.71088435704601,,,87.7000000468435,37.079250211303,,,90.6574805627022,216663,0.649190563116911,,6.1134729385376,,,,,,,,83.0,,,,,,,,,,,,,,,,,,,,4.0,,4.0,,,,,,9.747,,,101.342399597168,12.962962962963,,,,,,,,,,,,,,,,,,,
ST,678976264.835436,6149.98146081928,0.372252775001456,,,-3647630.0,-3.18387310428388,21.6884761062027,,338.806590676412,,,,,,230871,1.99754660166419,,,,,,,,,,86.0,,,,,,,,,,,,,,,,,,,,3.5,,3.0,,,,,,14.208,,,,14.5454545454545,,,,,0.848,,,,,,,,,,,,,,
SA,1067582933333.33,61102.915372338,-0.754914810584665,34.7492004368248,27.3778074633889,12319037833.0844,,-2.96488667496891,,132.364369779118,39.9555032227317,29.3421201188179,,,62.1270079002137,33264292,3.32877939509885,,5.11466979980469,,,,,,,100.0,97.0,,,,,,,,,,,,,,,,,,,,,,,,,,,,4.88,,30.8887481689453,,19.8675496688742,,,,,20.4,,,,,,,,,,,,,,
SN,30848333083.7055,4791.44862031409,4.58406140454957,22.9926823067602,48.0118363812025,91331700.0,,3.85182919223391,,133.032841755522,66.9517307330821,44.2946347218023,,24.0548192097193,71.0045186879627,18077573,2.38738348832592,,,,,,,,,,83.0,,,,,,,,,,,,,,,,,,,,3.5,,3.5,,,,,19.4408121819845,2.93,,,61.2763481140137,46.0606060606061,,,,,2.21,,,,,,,,,,,,,,
RS,81342660752.3732,29622.0783526643,3.84747112784942,55.0755160883541,59.4184325698737,4891719826.35735,,13.8402321392915,,191.574158325751,62.6003505605514,24.615505106431,,,114.493948658228,6623183,-0.621120944154492,,,,,,,,,85.3575,93.0,,,,,,,,,,,,,,,,,,,,,,,,,,,,8.683,,18.6692008972168,,34.8,,,,,37.4,,,,,,,,,,,,,,
SC,2141450171.13932,32705.944308693,3.16171435490999,85.9480892526302,97.1188057016872,239706294.201897,10.5605108421651,-0.932509493159856,,146.628294313518,73.8079402297063,16.0711650842989,,,183.066894954317,119773,-0.0876274304874622,,,,,,,,,,97.0,,,,,,,,,,,,,,,,,,,,,,,,,,,,,,,94.0462417602539,22.8571428571429,,,,,14.4,,,,,,,,,,,,,,
SL,6411869546.28929,3367.51026016213,5.7100218981806,21.5245154992414,34.344460849746,201800561.279411,-7.41152686570411,29.2160488413443,,558.166662231195,87.598812276171,19.7173429649676,,,55.8689763489874,8460512,2.19524258771884,,6.79109716415405,,,,,,,,91.0,,,,,,,,,,,,,,,,,,,,3.0,,3.0,,,,,,3.174,,,96.7547302246094,28.1879194630873,,,,,,,,,,,,,,,,,,,
SG,501427500080.059,141553.47299754,1.07503175095101,174.300145120981,136.940188501327,175241466623.637,,-3.06902994364776,,129.958680443666,31.3152244251191,21.0190163289694,,,311.240333622308,5917648,4.85831607781442,,2.18787837028503,,,,,,,94.2863,98.0,,,,,,,,,,,,,,,,,,,,,,,,,,,,3.472,,,,29.126213592233,,,,,33.0,,,,,,,,,,,,,,
SX,1627776949.27374,49826.1146271296,3.8,,,45267218.4134078,,2.02312138728323,,,,,,,,42749,1.43721256242405,,,,,,,,,,,,,,,,,,,,,,,,,,,,,,,,,,,,,,,,,,,,,,,,,,,,,,,,,,,,,
SK,132908336234.295,44688.7739689518,1.37833727209444,91.9484611018321,90.3659329424289,-327742481.72746,,10.1364912548588,,151.172459670713,58.8817436981837,19.3066196572379,,,182.314394044261,5426740,-0.0923148510113108,,,,,,,,,87.2131,96.0,,,,,,,,,,,,,,,,,,,,,,,,,,,,5.84,,,,22.0,,,,,9.16,,,,,,,,,,,,,,
SI,69148468417.3208,55710.4313942924,2.11259184318999,83.2510531969521,76.8473914946355,1447634542.25339,,10.0501057520513,,132.278285436807,52.323935428366,22.2261745390109,,,160.098444691588,2120461,0.396216782960902,,,,,,,,,90.3779,89.0,,,,,,,,,,,,,,,,,,,,,,,,,,,,3.627,,,,37.7777777777778,,,,,30.5,,,,,,,,,,,,,,
SB,1633319401.19414,2812.37576422898,3.07976981501386,,,78895436.2399954,,3.88899446253055,,152.897744832961,,,,,,800005,2.39583243369756,,8.29349040985107,,,,,,,,84.0,,,,,,,,,,,,,,,,,,,,3.0,,3.0,,,,,,1.545,,,71.5705642700195,8.0,,,,,,,,,,,,,,,,,,,
SO,10968517090.0004,1556.52309067949,4.21638432609835,19.7336576333817,72.9524967171368,,,4.5724656131988,,,123.528319177734,22.3784203448908,,,92.6861543505184,18358615,3.07939219638342,,,,,,,,,,42.0,,,,,,,,,,,,,,,,,,,,1.5,,1.0,,,,,,19.027,,,,19.7080291970803,,,,,,,,,,,,,,,,,,,
ZA,380699271814.508,15194.1991761106,0.698485194788034,32.7545268670556,32.4255686817089,3442331506.38971,6.3887935898176,4.80427142532388,,194.839466353907,64.3963121553122,15.5380933769084,,,65.1800955487645,63212384,1.32810094082844,,6.14838981628418,,,,,,,,79.0,,,,,,,,,,,,,,,,,,,,,,,,,,,,27.988,,12.2000169754028,,45.8646616541353,,,,,2.14,,,,,,,,,,,,,,
ES,1620090734956.89,54123.111397101,2.67566349258229,38.0592582111746,34.1324706805738,42953066297.9842,,6.23528003904008,,127.957434718697,54.2650321292324,21.004602475833,,,72.1917288917484,48347910,1.22528044685694,,,,,,,,,95.4456,93.0,,,,,,,,,,,,,,,,,,,,,,,,,,,,12.144,,,,44.2857142857143,,,,,38.5,,,,,,,,,,,,,,
LK,84356863743.6335,14460.7414188157,-2.29801056186895,20.531991971255,22.1691120440303,711826200.490003,,17.5191628455588,,308.285687553672,69.3403518964891,25.4450619909791,,11.0345970473948,42.7011040152852,22037000,-0.651320770103285,,1.82774567604065,,,,,,,,99.0,,,,,,,,,,,,,,,,,,,,3.0,,3.0,,,,,9.84652924546153,6.36,,,,5.33333333333333,,,,,7.43,,,,,,,,,,,,,,
SD,109265503110.904,2740.42114257813,-20.1115759693272,1.10810859289855,1.36562018956999,,,213.72584787991,,,80.6600440227166,2.17279846200315,,,2.47372878246854,50042791,1.32652175747925,,,,,,,,,,51.0,,,,,,,,,,,,,,,,,,,,1.5,,1.5,,,,,,11.449,,,,,,,,,,,,,,,,,,,,,,,
SR,3455146280.83975,21135.5456365133,2.53956675446825,,,-53096300.2393143,-13.6811026885275,32.2686064902092,,1461.62458068448,,,,,,628886,0.914027369002208,,2.86623334884644,,,,,,,,72.0,,,,,,,,,,,,,,,,,,,,,,,,,,,,7.704,,,,29.4117647058824,,,,,20.5,,,,,,,,,,,,,,
SE,584960475767.32,69223.5442336891,-0.310670184725893,55.1715976331361,51.1944284442583,23001110544.8,,6.14906969650426,,133.468331831819,43.7743181571008,24.9988036783869,,,106.366026077394,10536632,0.472717863265105,,,,,,,,,95.7033,94.0,,,,,,,,,,,,,,,,,,,,,,,,,,,,7.587,,,,46.4183381088825,,,,,8.51,,,,,,,,,,,,,,
CH,884940402230.409,92580.3539076339,0.716066868695833,75.326865234571,62.8900497858346,-52637267566.9725,1.82218673744216,1.02331402592833,,104.400030506506,51.6086157084192,24.5764946902913,,,138.216915020406,8888093,1.25678260643691,,,,,,,,,97.3444,95.0,,,,,,,,,,,,,,,,,,,,,,,,,,,,4.05,,41.2647743225098,,38.5,,,,,33.9,,,,,,,,,,,,,,
TJ,12060602008.8478,4963.58295264501,8.29999921651935,,,140579836.62608,,2.18821998125314,,,,,,,,10389799,2.01812009749216,,5.81054592132568,,,,,,,,96.0,,,,,,,,,,,,,,,,,,,,2.5,,2.5,,,,,,6.981,,,,26.984126984127,,,,,,,,,,,,,,,,,,,
TZ,79062403820.892,4018.5166015625,5.06952353203394,17.1954298762963,21.0166049300483,1627034507.04954,,2.74821189393757,,217.433986576543,54.1194004566274,41.0023887360624,,,38.2120348063445,66617606,2.90250073555304,,3.26015281677246,,,,,,,,93.0,,,,,,,,,,,,,,,,,,,,3.0,,3.0,,,,,11.4914890183773,2.607,,,86.2270889282227,37.4045801526718,,,,,0.114,,,,,,,,,,,,,,
TH,514968699239.005,23465.0631354173,1.88725725050934,65.4476962943612,63.6885659990231,6516045720.14977,3.02863861230229,1.22023811822058,61.2356482560744,122.079672279536,57.6718060747332,22.5363320845542,,19.9572776916637,129.136262293384,71702435,-0.0458651887192549,,2.52122211456299,,,,,,,89.5352,92.0,,,,,,,,,,,,,,,,,,,,,,,,,,,15.4511540704751,0.913,,,103.044509887695,18.8376753507014,,,,,5.7,,,,,,,,,,,,,,
TL,2079916900.0,4803.96924825568,-18.1178133769718,22.925488032719,66.3751037361156,-50105695.0812543,39.8629832777365,-20.8334380271277,,176.783646400144,70.0441445521213,20.4848905261552,,,89.3005917688346,1384286,1.08884743970717,,,,,,,,,,83.0,,,,,,,,,,,,,,,,,,,,3.0,,2.5,,,,,,1.523,,,91.4789428710938,36.9230769230769,,,,,0.129,,,,,,,,,,,,,,
TG,9171261837.57103,3071.51216831952,6.40792215636242,23.9052239704764,37.522132802206,-60323620.0,,2.59456529883668,,,78.0812905243744,22.9544796791665,,,61.4273567726824,9304337,2.33345506489111,,,,,,,,,,85.0,,,,,,,,,,,,,,,,,,,,3.0,,3.5,,,,,,2.048,,,90.6991577148438,19.7802197802198,,,,,0.715,,,,,,,,,,,,,,
TT,27372285697.9477,35188.5349159275,1.34767518168188,,,-1555474291.26021,19.712182227054,-10.183883266448,,162.763941221304,,,,,,1367510,0.124756950526578,,,,,,,,,,96.0,,,,,,,,,,,,,,,,,,,,,,,,,,,,4.206,,,84.8512878417969,28.5714285714286,,,,,20.7,,,,,,,,,,,,,,
TN,48529595416.6533,13931.8593241649,0.0391565674939329,51.8833824346749,55.2943891824063,727083940.246083,,8.88763642233521,,205.370262060998,73.1260686339923,15.8850909225967,,,107.177771617081,12200431,0.666925034776371,,6.73398876190186,,,,,,,,97.0,,,,,,,,,,,,,,,,,,,,,,,,,,,,15.106,,,,16.2337662337662,,,,,15.3,,,,,,,,,,,,,,
TR,1118252964260.77,44603.7294349839,5.11116818488702,31.9158356904098,34.3607690189066,10951000000.0,,68.233934158098,,834.593142750374,59.3829102759611,29.9641679336776,,,66.2766047093165,85325965,0.406389351118662,,,,,,,,,85.9607,99.0,,,,,,,,,,,,,,,,,,,,,,,,,,,,9.412,,,,19.8333333333333,,,,,11.4,,,,,,,,,,,,,,
TM,60628857142.8571,19828.9248461199,6.30015758549871,21.6245210908525,12.4747527108732,,,-3.2837127112537,,,,,,,34.0992738017257,7364438,1.83970100027524,,2.74651002883911,,,,,,,,98.0,,,,,,,,,,,,,,,,,,,,,,,,,,,,4.12,,,,25.6,,,,,,,,,,,,,,,,,,,
TC,1402054390.94734,24755.806302014,1.19999674543641,,,,,12.7470391990364,,,,,,,,46198,0.762674129802692,,3.13524532318115,,,,,,,,,,,,,,,,,,,,,,,,,,,,,,,,,,,,,,,,,,,,,,,,,,,,,,,,,,,
TV,62280311.5852172,6150.99970413823,3.85280919517032,,,,,6.0040987048763,,,,,,,,9816,-1.77710654146662,,12.8456897735596,,,,,,,,94.0,,,,,,,,,,,,,,,,,,,,4.0,,4.0,,,,,,,,,92.1161804199219,6.25,,,,,,,,,,,,,,,,,,,
UG,48768955863.3175,3097.63702430616,5.33697295511469,11.6017089255499,21.739987404672,2991183813.32196,,6.74801516641013,,209.931348222214,71.6102539562648,22.8160132458418,,,33.3416963302219,48656601,2.80083228962433,,2.55159378051758,,,,,,,,91.0,,,,,,,,,,,,,,,,,,,,2.5,,3.5,,,,,,2.831,,,,33.8129496402878,,,,,0.237,,,,,,,,,,,,,,
UA,178757021965.008,17630.125,5.32433537426355,28.5860205802388,49.5120930890625,4805000000.0,3.06490299085696,18.4804556382296,,429.185402974749,64.1113367213102,15.1307353745321,,,78.0981136693013,37732836,-8.42300777431605,,,,,,,,,,83.0,,,,,,,,,,,,,,,,,,,,,,,,,,,,,,,,20.4326923076923,,,,,3.5,,,,,,,,,,,,,,
AE,514130432653.081,76110.3848456483,3.61870653547174,108.61087139274,93.7216646058461,22328110000.0,,-1.30420016236501,,120.213669474403,45.6129353590325,27.078656324271,,,202.332535998586,10483751,3.97717097504667,,,,,,,,,100.0,96.0,,,,,,,,,,,,,,,,,,,,,,,,,,,,2.706,,,99.1737899780273,50.0,,,,,21.2,,,,,,,,,,,,,,
GB,3380854520809.54,59626.1955716651,0.339966158003463,31.6626771258689,32.2162006360962,-89439143375.0189,,7.29825479586994,138.193489848821,142.740891437026,61.0774002777176,17.1673537304198,,35.8462722272446,63.878877761965,68350000,0.821212039762055,,,,,,,,,,92.0,,,,,,,,,,,,,,,,,,,,,,,,,,,27.3188631444738,4.055,,37.1295585632324,,34.6153846153846,,,,,38.8,,,,,,,,,,,,,,
US,27720709000000.0,82769.4122114214,2.88755600906016,11.0115112856601,13.8878518583345,348784000000.0,,3.59839135378053,114.877162773867,139.73579356326,67.9014703411807,21.5410327347688,,17.1664700206622,24.8993631439946,334914895,0.491924871690548,,,,,,,,,,94.0,,,,,,,,,,,,,,,,,,,,,,,,,,,10.2238066854639,3.625,,38.5680274963379,,28.9655172413793,,,,,25.6,,,,,,,,,,,,,,
UY,77240830877.4597,34426.6024727939,0.3674751756175,27.4978001359579,24.2356880254726,-5476436111.92124,8.1836829548522,3.4309701895517,,277.191092046658,,17.2550890049815,,,51.7334881614305,3388081,-0.0835522251458198,,,,,,,,,,95.0,,,,,,,,,,,,,,,,,,,,,,,,,,,,8.354,,,,26.2626262626263,,,,,35.6,,,,,,,,,,,,,,
UZ,101591769702.343,11106.9715934786,6.29141635081155,23.6898326654563,40.6874819765918,2156721391.75428,8.42505873502923,12.6585380276262,,,68.1428499792723,34.4111563617742,,,64.3773146420481,35652307,2.02114614047908,,5.47287607192993,,,,,,,89.0136,99.0,,,,,,,,,,,,,,,,,,,,3.0,,3.5,,,,,,4.526,,,96.0921936035156,33.5714285714286,,,,,17.2,,,,,,,,11.0,,,,,,
VU,1126313359.21923,3460.93371361519,2.21294177094788,,,4399200.0,-2.13295080288068,11.3100213269124,,,,,,,,320409,2.32481600892244,,10.6434001922607,,,,,,,,72.0,,,,,,,,,,,,,,,,,,,,3.5,,3.5,,,,,,5.099,,,106.601615905762,1.92307692307692,,,,,,,,,,,,,,,,,,,
VN,429716969043.572,14973.8839607259,5.0464307361882,87.1767319860542,79.1468730562838,18500000000.0,7.27803256328136,1.90623130183931,,183.073410082137,54.5845661163486,31.9617513892211,,,166.323605042338,100352192,0.671429250652247,,,,,,,,,78.08,65.0,,,,,,,,,,,,,,,,,,,,,,,,,,,,1.602,,11.2206144332886,,30.2605210420842,,,,,2.31,,,,,,,,,,,,,,
ZM,27577956471.244,4076.99508686639,5.36794285493059,40.8461239686718,37.3957630764767,85907330.4577275,,7.09462960303757,,369.000077035667,47.1051103018288,31.4450686240954,,,78.2418870451485,20723965,2.79406758723844,,,,,,,,,,80.0,,,,,,,,,,,,,,,,,,,,2.5,,3.0,,,,,,5.913,,,,14.9700598802395,,,,,0.392,,,,,,,,,,,,,,
ZW,35231367885.8554,3820.36262949732,5.33673049519527,21.5794003755333,29.2155635135643,557873000.0,-73.5404405222836,921.535651645931,,,76.2728899090227,16.2740397950954,,,50.7949638890976,16340822,1.67709591394986,,,,,,,,,,90.0,,,,,,,,,,,,,,,,,,,,2.5,,2.0,,,,,,8.759,,,,30.6818181818182,,,,,1.89,,,,,,,,,,,,,,
