Country,NY.GDP.MKTP.CD,SP.POP.TOTL,NY.GDP.PCAP.CD,NY.GDP.PCAP.PP.CD,SL.UEM.TOTL.ZS,FP.CPI.TOTL.ZG,SI.POV.DDAY,SI.POV.GINI,SH.DYN.MORT,SH.XPD.TOTL.ZS,SE.XPD.TOTL.GD.ZS,IT.NET.USER.ZS,NE.EXP.GNFS.ZS,NE.IMP.GNFS.ZS,AG.LND.TOTL.K2,EN.ATM.PM25.MC.M3,EG.USE.PCAP.KG.OE,TX.VAL.TOTL.GD.ZS,GC.TAX.TOTL.GD.ZS,FI.RES.TOTL.M3,SL.TLF.TOTL.IN,GI.TAX.TOTL.ZS,ST.INT.ARVL,NY.GDP.TOTL.ZS,SH.STA.MMRT,SP.DYN.LE00.IN,SP.DYN.IMRT.IN,CC.EST,PV.EST,RL.EST,IT.NET.SECR.P6,IE.PPI.WATR.CD,IP.PAT.RESD,GB.XPD.RSDV.GD.ZS,IP.PAT.NRES,VA.EST,SM.POP.NETM,MS.MIL.XPND.ZS,Row_Avg
AF,17233051620.1117,41454761,415.707417059086,2211.28063454007,14.386,,,,,,,,16.7751362822863,50.498206993764,,,,,,,8696346.0,,,,,,,-1.15493178367615,-2.48408055305481,-1.64964091777802,43.758544404586,,,,,-1.85290133953094,-48958,,-0.6778110826085193
AL,23547179830.4413,2745972,8575.17113446213,21925.6083767592,11.584,4.75976421930107,,,,,,83.1356,38.6650817896799,43.8286028086077,,,,,,,1370812.0,,,,,,,-0.332218527793884,0.183348968625069,-0.164097368717194,1220.33290943972,,,,,0.168997228145599,-25357,,-0.1403384048961178
DZ,247626161016.414,46164219,5364.02795022731,16824.4879032987,11.814,9.32217375928322,,,,,5.61015701293945,,23.6195363708424,20.0633778247296,,,,,,,13552062.0,,,,,,,-0.589308321475983,-0.577885270118713,-0.678364396095276,100.294126063305,,,,,-0.979883790016174,-25963,,-0.28736482148523607
AD,3785067331.7625,80856,46812.4484486309,71730.6686821645,,,,,,,1.92790997028351,,,,,,,,,,,,,,,,,1.25135612487793,1.58346593379974,1.47689890861511,14618.5811813595,,,,,0.996939778327942,1061,,0.5812621430180934
AO,84824654481.7249,36749906,2308.15976731274,8040.70244971812,14.62,13.6441017767715,,,,,,,40.8567793904075,26.1849092185214,,,,,,,15315118.0,,,,,,,-0.60992020368576,-0.34150505065918,-1.09906601905823,40.2177899448233,,,,,-0.737252414226532,-995,,-0.26182262604657813
AG,2033085185.18518,93316,21787.1017315914,32149.1403648823,,5.06713865364213,,,,,,,,,,,,,,,,,,,,,,0.326792687177658,0.923393249511719,0.378593176603317,803.720690985469,,,,,0.741840481758118,0,,0.13672346226074297
AR,646075277525.125,45538401,14187.4827252965,30082.3045247323,6.178,,,,,,,89.229,12.7492457826544,13.8912663507893,,,,,,,21532713.0,,,,,,,-0.360883951187134,-0.127517908811569,-0.410826534032822,5451.20150353984,,,,,0.533921837806702,4133,,-0.19289167093654794
AM,24085749592.3359,2990900,8053.01066312345,21342.5145334886,8.586,1.98041877615554,,,,,0.242599993944168,,59.4520856749187,60.2625572889532,,,,,,,1474953.0,,,,,,,0.0583996474742889,-0.829278230667114,-0.122017979621887,1166.53850011702,,,,,0.0767075568437576,75000,,-0.23241992776829798
AW,3648573136.15155,107359,33984.7906198041,44967.3445127078,,,,,,,,,88.3437864283018,81.4544965060421,,,,,,,,,,,,,,0.709075331687927,1.43252456188202,1.27020680904388,1397.18141935003,,,,,1.0191752910614,147,,0.6084014702556512
AU,1728057316695.61,26658948,64820.9117890026,69231.3103595531,3.667,5.5970149253731,,,,,,,26.7992411333458,22.4259429260923,,,,,,,14503566.0,,,,,,,1.78120493888855,0.91705721616745,1.52318394184113,47567.6309507787,,,,,1.50660192966461,140232,,0.5389241593931318
AT,511685203845.001,9131761,56033.573792065,73134.7854032466,5.243,7.81413417002832,,,,,,95.3347,59.4645666223774,57.3493527895016,,,,,,,4828678.0,,,,,,,1.1336532831192,0.727989196777344,1.74656546115875,42281.0014410145,,,,,1.41124832630157,4819,,0.5621162741400572
AZ,72356176470.5882,10153958,7125.90858368611,23597.8378621757,5.636,8.78543049849081,,,,,3.58290028572083,,49.0453678900537,34.5739824641988,,,,,,,5536769.0,,,,,,,-1.19547140598297,-0.730753898620605,-0.566586077213287,549.736368813028,,,,,-1.41153395175934,-84122,,-0.43276242297185075
BS,14338500000.0,399440,35896.50510715,36742.0620432456,9.198,3.05291578969743,,,,,,,39.746138020016,42.9587474282526,,,,,,,234973.0,,,,,,,1.26691007614136,1.00856232643127,0.179566532373428,6434.00761065492,,,,,0.860349118709564,1001,,0.18893871998110512
BH,46079867021.2766,1577059,29218.8605634137,63497.6169362333,1.16,0.0746206782192256,,,,,,100.0,87.5642025322593,70.2676839414453,,,,,,,918108.0,,,,,,,0.177784815430641,-0.373967587947845,0.468770444393158,5578.10456045081,,,,,-1.37783300876617,20002,,0.03338366128239536
BD,437415331040.994,171466990,2551.01772674142,9147.77750665547,5.06,9.8835030377921,,,,,1.7752274274826,44.5027,13.1571638341204,17.8258075763392,,,,,,,71444711.0,,,,,,,-1.12086641788483,-0.908656716346741,-0.502657234668732,388.168008314603,,,,,-0.753886342048645,-549918,,-0.7475777345797867
BB,6720733200.0,282336,23804.0249914995,21336.1575553015,7.954,9.79207077126447,,,,,4.04476022720337,,,,,,,,,,144515.0,,,,,,,1.34458589553833,1.18712854385376,0.414195388555527,1059.02187464581,,,,,1.16219222545624,-80,,0.23885484256605571
BY,71857382745.6066,9178298,7829.05313660622,30763.0198215957,3.574,5.0005990309131,,,,,4.9514799118042,91.5125,66.8190187611956,66.1797785565314,,,,,12.8108941829095,,4953704.0,,,,,,,-0.665028035640717,-0.729365646839142,-1.25094270706177,11946.8772968583,,,,,-1.66739654541016,-3034,,-0.29751160847107394
BE,644782756682.756,11787423,54700.9093236712,72070.7590599945,5.508,4.04901077613941,,,,,,94.6263,84.1639882975701,84.7636154109048,,,,,,,5419046.0,,,,,,,1.3368444442749,0.403853088617325,1.29537487030029,33643.2314340463,,,,,1.32572901248932,41679,,0.5990488172812392
BZ,3066850000.0,411106,7459.99815132837,13823.4379513758,8.262,4.38984017487675,,,,,4.25564002990723,,55.292084712327,51.2396709979295,,,,,,,190894.0,,,,,,,-0.226113811135292,0.58532577753067,-0.635611891746521,405693.422134437,,,,,0.539004623889923,595,,0.2960107917579355
BJ,19676049075.7011,14111034,1394.37330217623,4129.97941493295,1.452,2.73102465280233,,,,,,,21.1934539892603,30.1570110221303,,,,,,,5146844.0,,,,,,,-0.0495794489979744,-0.346559435129166,-0.505709648132324,12.4016425727555,,,,,-0.218986943364143,-192,,-0.44043276344189514
BM,8141700000.0,64698,125841.602522489,108810.998438551,,,,,,,1.93364679813385,,52.9299777687707,24.6140240981613,,,,,,,,,,,,,,1.25135612487793,1.0204062461853,0.683675646781921,5718.87848156048,,,,,,0,,0.6289026156962388
BO,45135398008.8166,12244159,3686.27996490544,10925.2730516706,3.081,2.57688800489192,,,,,,,25.5322398174316,30.9259991457953,,,,,,,6072882.0,,,,,,,-0.838301062583923,-0.313183635473251,-1.21933794021606,326.60471004991,,,,,-0.265191316604614,-3008,,-0.49542845285395437
BA,27514782476.0406,3185073,8638.66620201187,23421.8698057032,10.42,6.1059011284828,,,,,,83.3772,44.055617147886,55.8427513217352,,,,,19.1124219368621,,1381783.0,,,,,,,-0.581560015678406,-0.353373318910599,-0.351819545030594,5345.87433317855,,,,,-0.319465935230255,-485,,-0.14138412325053357
BW,19396084498.0084,2480244,7820.23240375076,20916.4015457301,23.381,5.0676154934383,,,,,,,32.2751013777669,36.5821112512447,,,,,,,1083957.0,,,,,,,0.685792088508606,1.03843998908997,0.390436381101608,441.085635122996,,,,,0.504056930541992,-6487,,0.17954332694605588
BR,2173665655937.27,211140729,10294.866680778,21107.2821033791,7.95,4.59356282283204,,,,,,84.1506,18.1102794216442,15.7436671722105,,,,,14.1546933435227,,106131599.0,,,,,,,-0.503643155097961,-0.408567786216736,-0.308802843093872,5628.66295682819,,,,,0.382853865623474,-240059,,-0.1562802892220142
BN,15128292980.8638,458949,32962.9065121916,85267.5530498505,5.27,0.35706431153689,,,,,,,76.5348303286795,60.0281734301402,,,,,,,233198.0,,,,,,,1.27803611755371,1.36600065231323,0.886853814125061,8774.3954121264,,,,,-0.715453028678894,0,,0.3047787495903821
BG,102407653020.606,6446596,15885.5391311331,38904.918552163,4.295,9.44284140088564,,,,,,80.3896,61.8853159708659,57.7828043733469,,,,,,,3090044.0,,,,,,,-0.137721657752991,0.341861486434937,-0.0068576806224882,54104.3676383629,,,,,0.388988107442856,5173,,0.03406019505704645
BF,20324617844.5265,23025776,882.689810086163,2754.71346543425,5.293,0.742910428668841,,,,,,,28.8622955091639,35.9600256062745,,,,,,,8632600.0,,,,,,,-0.169615507125854,-2.035231590271,-0.741778969764709,22.583386549057,,,,,-0.809887170791626,-24957,,-0.5681442470633696
BI,2642161668.85211,13689450,193.007145564804,919.906646235639,0.93,26.9414835762453,,,,,,,5.26338520550318,24.3298626640039,,,,,,,5894410.0,,,,,,,-1.55602598190308,-1.17240297794342,-1.25105631351471,10.2999024796467,,,,,-1.36691832542419,1995,,-0.6274059239834419
CV,2533819406.4916,522331,4850.98415849643,10308.6791674628,11.994,3.72437517668748,,,,,,,38.3639967741243,56.3745937204801,,,,,,,222588.0,,,,,,,0.984857201576233,0.903245568275452,0.400105774402618,951.503931415137,,,,,0.958101332187653,-1226,,0.10242099815852343
KH,42335646895.7984,17423880,2429.74853452838,7425.51179063119,0.239,2.12746796594194,,,,,2.95115232467651,,66.8926660552171,67.3141763407136,,,,,,,9229170.0,,,,,,,-1.29921674728394,0.0444938205182552,-0.819127440452576,223.199425156739,,,,,-1.29242181777954,-31837,,-0.44305855576047604
CM,49279410982.826,28372687,1736.86091073524,5405.57465742866,3.646,7.38281384280984,,,,,,,16.6141431983781,20.603584977619,,,,,,,11889583.0,,,,,,,-1.16255974769592,-1.40043640136719,-1.03819787502289,17.0586592662161,,,,,-1.0663970708847,-4798,,-0.6436087836754847
CA,2142470914401.36,40097761,53431.1857063879,61650.9898668262,5.366,3.87900159788426,,,,,,,33.3693043905205,33.8231897487673,,,,,14.007586078129,,22136786.0,,,,,,,1.67150104045868,0.822420537471771,1.47300565242767,42549.8820245849,,,,,1.4796462059021,433842,,0.5639950764320759
KY,7139428557.71423,73038,97749.5078960846,86689.2088816425,,,,,,,,,,,,,,,,,,,,,,,,0.437594085931778,1.62560141086578,0.721784949302673,26561.5159232181,,,,,0.764431416988373,921,,0.8354566250850464
CF,2555492085.24831,5152421,495.978897153068,1259.82439976102,6.286,2.97913852618937,,,,,,,14.4408262093734,29.0397439989846,,,,,,,1848550.0,,,,,,,-1.31139302253723,-2.20310711860657,-1.75950109958649,2.5230857493982,,,,,-1.2622481584549,-14682,,-0.7937216438725045
TD,13149325362.3347,19319064,680.639877912029,1863.94062120816,1.082,10.8363568399842,,,,,,,43.5044116555991,48.072669628379,,,,,,,6208605.0,,,,,,,-1.48240697383881,-1.55946290493011,-1.35423922538757,1.24229621062387,,,,,-1.43493866920471,496830,,-0.49067875193306454
CL,335533331669.219,19658835,17067.8136150601,33234.9798440715,9.037,7.58168251407969,,,,,,94.1192,31.1367365250198,29.8303574695752,,,,,,,9958014.0,,,,,,,0.968603789806366,0.13615994155407,0.625093758106232,12299.9658931976,,,,,1.01794922351837,62679,,0.14740284501170928
CN,17794783039552.0,1410710000,12614.0617416421,24569.2865118726,4.67,0.234836828893051,,,,,,77.4827,19.7430723247274,17.573699039207,,,,,,,781102856.0,,,,,,,-0.0053701046854257,-0.513097047805786,-0.0401299707591534,1508.37096213963,,,,,-1.50455415248871,-567724,,1.0381318463828542
CO,363493841244.303,52321152,6947.35928681966,21448.0925680684,9.565,11.7359044948689,,,,,,,17.8372967672269,22.6565033851461,,,,,,,26294106.0,,,,,,,-0.309191286563873,-0.717313230037689,-0.458272933959961,1109.11166481961,,,,,0.205213740468025,154521,,-0.1723890104721001
KM,1352380971.24055,850387,1590.31237688317,3883.12647595233,5.795,,,,,,,,12.955861475022,34.9854967116694,,,,,,,235328.0,,,,,,,-0.990109264850616,-0.226316764950752,-1.34128475189209,18.8149630697553,,,,,-0.808809578418732,-2002,,-0.5575175715891174
CG,15321055822.5167,6182885,2477.97845544866,6850.27770621093,20.054,4.30174563591016,,,,,,,56.8959278033859,39.314466600576,,,,,,,2480236.0,,,,,,,-1.34527885913849,0.0191620066761971,-1.02058732509613,18.5997313551845,,,,,-1.15416669845581,-995,,-0.27653760411638323
CD,66383287002.9867,105789731,627.502181690836,1615.75070528392,4.544,,,,,,,,44.2459902044245,47.0152754036475,,,,,,,37514062.0,,,,,,,-1.48051190376282,-2.04486203193665,-1.67073619365692,8.82883424668128,,,,,-1.21333003044128,-14992,,-0.6313537404971534
CR,86497941439.0174,5105525,16942.0268119375,28536.3687260831,8.304,0.525193508693455,0.9,46.7,,,,85.127,38.9156320351491,33.5563670450278,,,,,,,2371723.0,,,,,,,0.653749406337738,0.984186828136444,0.389316648244858,1956.70376699752,,,,,1.0699063539505,995,,0.016608506713669133
CI,78875489245.0538,31165654,2530.84659301723,7197.690104362,2.403,4.38711707003279,,,,,3.42992997169495,,24.5199592562693,28.0539609576358,,,,,,,11792994.0,,,,,,,-0.313007414340973,-0.631788194179535,-0.461197137832642,63.4352162159023,,,,,-0.375480622053146,6002,,-0.43198675357865207
HR,84393795502.4421,3859686,21865.4562838641,46777.5010828572,6.063,7.9412817758683,,,,,,83.2412,52.9341592859634,54.7667601446359,,,,,,,1744182.0,,,,,,,0.181928679347038,0.59771203994751,0.36060556769371,29421.5643448716,,,,,0.569745063781738,10202,,0.11399330880440905
CW,3281419347.37053,147862,22192.4453028535,32059.7222328263,,,,,,,,,,,,,,,,,,,,,,,,,,,4808.5376905493,,,,,,518,,-0.09607964006762663
CY,33886930712.3394,1344976,36551.41796875,60144.59375,5.964,3.54134188751663,,,,,,91.2212,97.0188279262,95.7680936007986,,,,,,,737668.0,,,,,,,0.332707405090332,0.409627169370651,0.628040313720703,557174.254410488,,,,,0.974570155143738,8697,,0.9120943800837318
CZ,343207874553.734,10864042,31591.1770732969,55875.1274861367,2.593,10.6612601372426,,,,,,85.9941,68.9733370768244,63.9787560820245,,,,,,,5504996.0,,,,,,,0.767809867858887,0.967361629009247,1.14218366146088,80152.0281309664,,,,,1.07654917240143,-14638,,0.4002863035789256
DK,407091920305.404,5946952,68453.8769281145,77236.81740886,5.142,3.30517811237606,,,,,,98.7756,67.9596433833598,59.8089240967317,,,,,,,3182532.0,,,,,,,2.37605309486389,0.850847959518433,1.90893590450287,261262.408036924,,,,,1.66469931602478,31006,,0.9406856934186502
DJ,4098530513.55777,1152944,3554.83918868372,7103.6910898466,26.258,1.49506816515088,,,,,,,169.105788685534,173.596569008243,,,,,,,261006.0,,,,,,,-0.780927419662476,-0.516700983047485,-1.1251677274704,63.3161714706005,,,,,-1.27434647083282,500,,0.29045887710841467
DM,653992592.592593,66510,9832.99643050057,19333.7646058722,,4.22769324983409,,,,,4.65674114227295,,,,,,,,,,,,,,,,,0.544514536857605,1.28526425361633,0.62485259771347,66516.3133363404,,,,,0.786084830760956,-199,,0.21947077377427723
DO,121444279313.931,11331265,10717.6276712204,25624.0097724218,5.557,4.78561281021135,,,,,,,21.1387561330729,28.4765760588189,,,,,,,5294572.0,,,,,,,-0.449474930763245,0.239014014601707,-0.128592282533646,216.480684195454,,,,,0.325887054204941,-34915,,-0.2389043020216503
EC,118844826000.0,17980083,6609.80408154957,16062.0163648341,3.367,2.21568764237058,3.8,44.6,,,3.89365005493164,72.6943,29.0653688196742,28.7823855285042,,,,,,,8823399.0,,,,,,,-0.647337436676025,-0.338139981031418,-0.957790791988373,475.303701323292,,,,,-0.061911303550005,-21948,,-0.3269238316092686
EG,396002496996.96,114535772,3457.45691570455,18524.5572197031,7.306,33.8847763115546,,,,,,,19.1021039290635,21.3403342882993,,,,,,,34064525.0,,,,,,,-0.747790396213531,-0.866764307022095,-0.184178426861763,53.3021246846793,,,,,-1.37938976287842,305006,,-0.1163022712577622
SV,34015620000.0,6309624,5391.06926181338,12657.0340625254,2.758,4.04554694222477,,,,,3.17218995094299,,31.1262002574112,49.7966816421397,,,,,20.606823550416,,2838586.0,,,,,,,-0.561315059661865,0.0023323998320847,-0.369357317686081,181.785792624093,,,,,-0.474436670541763,-23253,,-0.287981799728077
GQ,12337550583.754,1847549,6677.793435386,17411.5002343839,8.666,,,,,,,,36.6023261927194,24.8409553263226,,,,,,,645130.0,,,,,,,-1.57037270069122,-0.235371336340904,-1.33868646621704,43.8418683347505,,,,,-1.67685103416443,3997,,-0.5524097544275343
EE,41291245222.1948,1370286,30133.304450454,49500.6536206928,6.345,9.15922507983982,,,,,,93.1834,77.8577030027173,77.0015416189322,,,,,,,757348.0,,,,,,,1.53812229633331,0.660533905029297,1.42638897895813,112224.017467886,,,,,1.21992552280426,5717,,0.5736051702226875
SZ,4442875788.08505,1230506,3610.60879677551,11245.1491471111,37.636,,,,,,6.31294202804565,,,,,,,,,,416013.0,,,,,,,-0.73498547077179,-0.357591271400452,-0.597746074199677,139.779895425134,,,,,-1.16463816165924,-8549,,0.0907269727673926
ET,163697927593.982,128691692,1272.01628209211,3058.12804387633,3.497,30.2188278135278,,,,,,,6.59300267773163,13.9924088899406,,,,,3.93142273811014,,62647499.0,,,,,,,-0.465061634778976,-1.96956777572632,-0.670203268527985,17.4681050894878,,,,,-1.06066715717316,-11996,,-0.5179175404813475
FO,3907323961.33964,54482,71717.7042204698,78103.483399586,,,,,,,,,57.7188961490028,56.6189827007871,,,,,,,,,,,,,,,,,8351.38210785213,,,,,,599,,0.44789305719512096
FJ,5442046565.04719,924145,5888.73668639357,15152.1376449166,4.327,2.14817440623896,,,,,4.24679803848267,,,,,,,,,,390298.0,,,,,,,0.50627201795578,0.744343459606171,0.304903954267502,229.40123032641,,,,,0.186145916581154,-3289,,-0.09956638921932469
FI,295532341254.907,5583911,52925.6897638424,64055.858142792,7.155,6.25064322154763,,,,,,93.5139,42.8153812381092,42.5182935752964,,,,,,,2878900.0,,,,,,,2.22151660919189,0.713986694812775,1.96704590320587,153868.49826224,,,,,1.63263607025146,38156,,0.6834806038426061
FR,3051831611384.76,68287487,44690.9345395117,61473.3030822433,7.323,4.87835726508441,,,,,,86.8364,34.2800305804742,36.279524212719,,,,,,,31978597.0,,,,,,,1.18482184410095,0.343697965145111,1.18057084083557,52082.5872535037,,,,,1.15460133552551,91862,,0.4496534719127277
GA,19388402541.6698,2484789,7802.83659565049,20757.0723768678,20.361,3.62901534185376,,,,,,,63.728334784929,27.7503319259307,,,,,,,771230.0,,,,,,,-1.01552844047546,-0.335527300834656,-0.872693359851837,43.0620064721793,,,,,-0.919151186943054,987,,-0.22286898714611753
GM,2396111021.64149,2697845,888.157407724123,3254.37457704257,6.479,16.9742129632327,,,,,2.69659471511841,,9.60449609672499,32.8315063993382,,,,,,,973241.0,,,,,,,-0.281129717826843,-0.0120199294760823,-0.374314546585083,52.2639365864236,,,,,-0.0410085804760456,-3000,,-0.31100452312162286
GE,30777833585.4441,3715483,8283.66960242964,25071.9677147202,11.622,2.48776056578715,,,,,3.73861002922058,81.8842,49.2670598176264,57.8841193508743,,,,,,,1837621.0,,,,,,,0.617694795131683,-0.335554122924805,0.177279338240623,5251.80710018051,,,,,0.0347131341695786,2003,,-0.06321022187493276
DE,4525703903627.53,83280000,54343.2265084958,71438.2896605113,3.045,5.94643667725823,,,,,,92.4764,43.4023485563427,39.3967578932279,,,,,,,44183950.0,,,,,,,1.66416621208191,0.586989283561707,1.55120778083801,139985.026416907,,,,,1.46138572692871,609553,,0.8757401662172066
GH,76370396722.154,33787914,2260.28741289427,7543.02674728777,3.079,38.1069656296501,,,,,,,34.0367592151643,34.9998302644838,,,,,,,14840000.0,,,,,,,-0.0990211144089699,-0.0216207038611174,-0.0996378883719444,48.1533130456056,,,,,0.410351544618607,-10003,,-0.02396454220846634
GR,243498333237.802,10405588,23400.7278817691,41922.6105205351,10.997,3.46480128513405,,,,,,85.0102,43.7082588320458,48.4480311941784,,,,,,,4665845.0,,,,,,,0.0978469252586365,0.239744067192078,0.213158577680588,14229.661985464,,,,,1.01216721534729,-159430,,0.05009956865845356
GD,1316733333.33333,117081,11246.3451228921,18807.9447446443,,2.69612269814564,,,,,,,,,,,,,,,,,,,,,,0.558168590068817,1.01801919937134,0.604949295520782,614.958874625259,,,,,0.753503501415253,-190,,0.08896248896861025
GT,104450210572.012,18124838,5762.82174615918,13750.28790648,2.705,,,,,,3.17938995361328,,16.5614935385372,31.6269582863156,,,,,,,7442437.0,,,,,,,-1.12161290645599,-0.244364932179451,-1.07527709007263,109.187182804061,,,,,-0.53369927406311,-8940,,-0.5161552894448195
GN,22199409741.2578,14405468,1541.04050914957,4383.15219659423,5.297,7.80497591927973,,,,,,,41.5653232624964,48.9771253382285,,,,,,,4464881.0,,,,,,,-0.897673428058624,-0.877875149250031,-1.11396610736847,10.4821308131051,,,,,-1.14505314826965,-3997,,-0.47900592905935746
GW,2048348108.35852,2153339,951.242748289294,2862.07122513845,3.183,,,,,,,,13.8832772888755,28.1505489888657,,,,,,,732030.0,,,,,,,-1.1783698797226,-0.327665239572525,-1.43643689155579,6.50153087832431,,,,,-0.436878204345703,-1400,,-0.6097137282967839
GY,17159509565.4676,826353,20765.3503593109,54732.1440663013,12.43,2.82110335099641,,,,,,,,,,,,,,,295909.0,,,,,,,-0.383745014667511,-0.05517203733325,-0.342232912778854,101.651473401803,,,,,0.148810401558876,-6161,,-0.03320241581740281
HT,19850829757.5418,11637398,1705.77905452248,3281.21232071513,14.623,36.8135162780854,,,,,,,5.27068998656754,25.5147337129684,,,,,,,5215508.0,,,,,,,-1.44387412071228,-1.43452179431915,-1.3636075258255,7.38996810111676,,,,,-1.17997741699219,-31786,,-0.4000384551919307
HN,34400509852.0436,10644851,3231.65724461936,7178.80729487996,6.062,6.66325180347457,,,,,4.04616022109985,,37.010574858456,60.9429036101699,,,,,,,4610166.0,,,,,,,-1.11195814609528,-0.45921716094017,-1.09500813484192,138.188876481221,,,,,-0.45370152592659,-5044,,-0.36892736745787463
HK,380812234827.832,7536100,50531.7385421945,71548.9642046156,3.931,2.09660511249089,,,,,3.80310010910034,,176.759868272113,176.038779165958,,,,,,,3876169.0,,,,,,,1.62514543533325,0.673060536384583,1.29364585876465,131226.894547578,,,,,-0.320146769285202,-3427,,0.8799970294586935
HU,212388906458.724,9592186,22141.8669799276,45931.0864924791,4.126,17.1249659678737,,,,,,91.4501,81.2041797233293,76.0920441628175,,,,,,,5000621.0,,,,,,,-0.0004981306265108,0.731891810894012,0.427084535360336,53717.7865400025,,,,,0.35952889919281,49213,,0.31842720460023943
IS,31325116556.3807,393349,79636.9548578508,78380.0532417946,3.562,8.73630299937298,,,,,,,43.6436703310559,43.1509786054567,,,,,23.43609824764,,239778.0,,,,,,,1.55130612850189,1.21440374851227,1.72111761569977,85402.5305771719,,,,,1.44590175151825,4630,,0.6928252682050111
IN,3567551674623.01,1438069596,2480.79208721621,10166.2434105835,4.172,5.64914318907925,,,,,,,21.8482115022381,24.0736387142048,,,,,,,596405891.0,,,,,,,-0.366014748811722,-0.635076940059662,0.188364565372467,966.082590066802,,,,,0.0944044888019562,-979179,,0.5920345077663618
ID,1371171152331.16,281190067,4876.31432703188,15415.6057934697,3.417,3.67013142377007,1.8,36.1,,,1.27517092227936,69.2084,21.7465817671945,19.5690849947929,,,,,,,142687605.0,,,,,,,-0.48687219619751,-0.404375314712524,-0.153604462742805,2722.38990575723,,,,,0.138982817530632,-37501,,-0.32289982888801694
IR,404625655204.619,90608707,4465.63766994952,17659.8739291119,9.103,44.5791857572797,,,,,2.92892384529114,,24.2011132509509,27.9790625604926,,,,,,,29788591.0,,,,,,,-1.23189043998718,-1.6941009759903,-1.06095492839813,6599.35473971613,,,,,-1.45358419418335,262044,,-0.20069372036245736
IQ,250842782139.464,45074049,5565.12644647176,14107.2979268389,15.529,4.35835351089586,,,,,,,,,,,,,,,11744262.0,,,,,,,-1.32103753089905,-2.41309809684753,-1.69316685199738,43.6393011863656,,,,,-0.958918929100037,-5710,,-0.5505004257487813
IE,551394889339.778,5307600,103887.800388081,127873.163599903,4.34,6.29942487419125,,,,,,,135.058214305059,102.157667032559,,,,,,,2795927.0,,,,,,,1.5752888917923,0.901911556720734,1.63358354568481,150045.406586781,,,,,1.48345601558685,43873,,1.2007534657678878
IL,513611100815.691,9756600,52642.4267486308,53823.287887025,3.389,4.22535211267609,,,,,,,30.6040435938361,26.9242084709227,,,,,,,4574427.0,,,,,,,0.829359412193298,-1.46484839916229,0.783846437931061,13047.4755550089,,,,,0.64426463842392,9999,,0.011041642802442549
IT,2300941152991.81,58993475,39003.3160954123,59719.7594054714,7.618,5.62219442195901,,,,,,87.0278,33.7297334484836,32.5103733484386,,,,,,,25785989.0,,,,,,,0.550129175186157,0.583320736885071,0.390358686447144,30239.3103644089,,,,,1.11553084850311,150189,,0.3186057951869265
JM,19423355409.2316,2839786,6839.72503886968,11421.7535570054,4.417,6.47413734662063,,,,,5.65453672409058,,,,,,,,,,1572932.0,,,,,,,-0.112082988023758,0.384837329387665,-0.174516573548317,190.859452085474,,,,,0.56428599357605,-10003,,-0.10653653066119924
JP,4204494802431.55,124516650,33766.5268253808,50105.9043606158,2.575,3.26813365933163,,,,,,,21.8105445779804,23.3521039062351,,,,,,,69208137.0,,,,,,,1.3956606388092,0.951136231422424,1.53553938865662,31701.7121806602,,,,,1.10550534725189,175003,,0.4769160248226617
JO,50967475352.1127,11439213,4455.50540514568,10391.0136135688,17.944,2.08486986327134,,,,,,,43.5298318874029,56.7462140830907,,,,,,,3102894.0,,,,,,,0.0886586904525757,-0.20273420214653,0.257768124341965,182.967132441716,,,,,-0.774707794189453,-17445,,-0.09274258395867825
KZ,262641892078.524,20330104,12918.8661346014,38515.1836009977,4.847,14.7249900200331,,,,,,92.8785,34.4043098837574,27.3689161894276,,,,,11.8561721571431,,9807602.0,,,,,,,-0.26659306883812,-0.27334600687027,-0.446781367063522,5814.13651400898,,,,,-1.00384140014648,-4822,,-0.22344589036411242
KE,108038588970.595,55339003,1952.30457929636,6307.23249419297,5.682,7.67139634029402,,,,,3.96229314804077,,11.6861054407608,20.405973840686,,,,,13.9931197653574,,25519707.0,,,,,,,-0.770913004875183,-0.937771916389465,-0.326221644878387,297.132205291086,,,,,-0.124170683324337,-10003,,-0.4040375289795963
KI,279208903.337644,132530,2106.76000405677,3546.91818832629,,9.28307374517721,,,,,,,7.36810244749678,92.3771365892843,,,,,18.3135701965955,,,,,,,,,0.411750495433807,1.09988939762115,0.587936818599701,22.6363842148947,,,,,1.08984088897705,-485,,0.12995014578612832
KR,1712792854202.37,51712619,33121.3712885508,54033.1599772519,2.642,3.5974562502901,,,,,,97.416,43.9956698686696,43.9440093217037,,,,,,,29699046.0,,,,,,,0.894088566303253,0.609834730625153,1.24850225448608,9728.36049939764,,,,,0.8595951795578,87800,,0.32865129064112797
KW,163704878875.85,4853420,33729.7985494456,51561.3638127917,2.076,3.64216403030709,,,,,5.02626085281372,99.7473,,,,,,,,,2826300.0,,,,,,,0.206611827015877,0.408179193735123,0.341668486595154,385.501357805424,,,,,-0.594156503677368,50008,,0.05984666569420814
KG,13987627908.8381,7099750,1970.15780961839,7106.49114289303,4.038,10.7532770416742,,,,,6.82694673538208,,39.1622646226036,100.993450396404,,,,,21.2811665207908,,3144282.0,,,,,,,-1.22109532356262,-0.48121976852417,-1.1741224527359,816.366773477939,,,,,-0.723200380802155,5601,,-0.15637339333448175
LA,15843155731.2552,7664993,2066.94979776957,9291.78859001131,1.181,31.2301341732646,,,,,1.23375165462494,,,,,,,,,,3173370.0,,,,,,,-0.973836362361908,0.814461767673492,-0.832905530929565,274.103316206551,,,,,-1.63225436210632,-10003,,-0.3697287854071419
LV,42247850064.5125,1877445,22502.8429938094,41251.7728022402,6.534,8.93804623316637,,,,,,92.1879,66.9707758270699,70.7100697951548,,,,,,,972320.0,,,,,,,0.698113977909088,0.591089129447937,1.03986096382141,26170.1408030595,,,,,0.993027687072754,7966,,0.31746689016201446
LS,2117962450.79469,2311472,916.282979328622,2880.96631005117,16.46,6.34221743124953,,,,,6.69212198257446,,42.9229805805595,98.5907749545486,,,,,,,979534.0,,,,,,,-0.509478509426117,-0.30576080083847,-0.480017185211182,89.1206988447189,,,,,0.0299380328506231,-5168,,0.011832067531614093
LR,4240000000.0,5493031,771.887142089677,1794.53340863361,2.939,10.0944535665552,,,,,,,,,,,,,,,2533435.0,,,,,,,-0.888349294662476,-0.1162094399333,-1.03163075447083,9.28449156758809,,,,,0.0538939349353313,-5002,,-0.40797930581780845
LY,45096462972.4014,7305659,6172.81246940233,13848.7950025505,18.743,2.37317531435169,,,,,,,85.1137376753101,70.5414639888686,,,,,,,2534196.0,,,,,,,-1.52501881122589,-2.1680154800415,-1.76977610588074,112.241756698472,,,,,-1.39111697673798,-2001,,-0.3865532737922324
LT,79789877416.1681,2871585,27786.0057829276,53184.755285749,6.962,9.11731962390475,,,,,,88.5029,76.4728581033646,72.5690509112436,,,,,,,1519196.0,,,,,,,0.781545519828796,0.742111504077911,1.26719617843628,96899.7957573953,,,,,1.07111299037933,44935,,0.482032269148335
LU,85755006123.5976,666430,128678.189942826,143809.50584454,5.188,3.74140361983136,,,,,,99.3479,212.530618289922,181.690075385809,,,,,,,350216.0,,,,,,,1.92665910720825,1.05400168895721,1.75243473052979,60480.4705670513,,,,,1.63266289234161,5905,,1.5190366389926142
MO,45803067940.4072,678800,67476.5290813306,116491.070017441,2.246,0.476384495788075,,,,,,,91.3583589654724,50.651724212624,,,,,,,396112.0,,,,,,,0.849051773548126,1.07105338573456,0.783238708972931,5760.16499705362,,,,,-0.509288549423218,8807,,0.39600220226731336
MG,15790113246.7478,31195932,506.159368687808,1823.81732941305,3.061,9.87432675044888,,,,,,,26.8675598855334,33.9114943265549,,,,,,,16060706.0,,,,,,,-1.00018215179443,-0.690745651721954,-0.974946022033691,22.1823794204962,,,,,-0.319516479969025,-1487,,-0.4725671179314392
MW,12712150082.0792,21104482,602.343619809252,1829.50768925379,5.044,28.7897428247298,,,,,,18.0,,,,,,,,,8541396.0,,,,,,,-0.602811515331268,-0.235615640878677,-0.155495509505272,27.6718471460233,,,,,0.0756149441003799,-5811,,-0.5049726194379706
MY,399705169318.477,35126298,11379.0861000632,36416.5401853099,3.855,2.48886560125754,,,,,3.62725496292114,97.6927,68.5819009768029,63.4824063018645,,,,,,,17749830.0,,,,,,,0.295621365308762,0.16851469874382,0.571915447711945,8082.51982602892,,,,,0.0876194089651108,181071,,0.11886836140501036
MV,6590894301.9579,525994,12530.3602359683,24735.0754169658,4.127,2.92746542425035,,,,,5.16706371307373,,74.3820820556303,75.6502878713783,,,,,,,268155.0,,,,,,,-0.396943330764771,0.53012090921402,-0.0786015242338181,1237.6567033084,,,,,-0.137529924511909,-2877,,-0.029973613775043456
ML,20661794596.0873,23769127,869.270234286992,2657.71298407985,3.008,2.05880228274214,,,,,,,29.4050554839946,39.9858729507148,,,,,,,8527145.0,,,,,,,-0.861831545829773,-2.7291362285614,-0.977649748325348,14.0518412813394,,,,,-1.01174712181091,-39953,,-0.7071585215519194
MT,22328640241.5553,552747,40395.7692064458,66588.9783797742,3.125,5.09396758978883,,,,,,91.9155,122.76554394888,104.687945212881,,,,,,,313276.0,,,,,,,0.10974658280611,0.858121693134308,0.702327609062195,4823.18311994457,,,,,0.913654506206512,6591,,0.45592118341783777
MH,259300000.0,38827,6678.34239060448,7532.17477307826,,,,,,,,,38.9224450443502,71.2497878904744,,,,,,,,,,,,,,0.411750495433807,1.18497908115387,0.676997244358063,154.531640353362,,,,,1.12555754184723,-1832,,0.169278683648975
MR,10651709411.4594,5022441,2120.82320358953,6946.19393340541,10.512,4.95305034506872,,,,,2.64603042602539,,38.2879909023547,53.1825806849992,,,,,,,1178323.0,,,,,,,-0.822652637958527,-0.503423988819122,-0.639136493206024,34.6445085168746,,,,,-0.656128466129303,2999,,-0.35873288038898016
MU,14644524819.0054,1261041,11613.0441587588,29511.2274099553,6.057,7.05298238454743,,,,,4.56763982772827,,52.4706712906744,55.4331839430879,,,,,19.7868771989555,,594251.0,,,,,,,0.453197360038757,0.775418817996979,0.805268526077271,2466.21640374897,,,,,0.615706980228424,-2824,,0.1423267476529584
MX,1789114434843.46,129739759,13790.0243428344,25351.4404066599,2.812,5.52796087314389,,,,,,81.1832,35.9817308051803,37.1760448278547,,,,,14.2665980098948,,59925448.0,,,,,,,-1.02057874202728,-0.630761027336121,-0.806393921375275,412.117306307005,,,,,-0.115086063742638,-101044,,-0.27770159407446143
FM,460000000.0,112630,4084.16940424398,4313.62760101578,,,,,,,,,27.3453695652174,67.5368260869565,,,,,,,,,,,,,,0.783704280853271,1.0807785987854,0.643969178199768,159.815324513895,,,,,1.08513557910919,-1134,,0.12914383977144175
MD,16539436547.295,2457783,6729.41286813969,17596.8834167667,1.623,13.41701043813,,,,,6.25268602371216,,35.5383931498865,59.593181741774,,,,,,,1430274.0,,,,,,,-0.28033846616745,-0.683699607849121,-0.152658581733704,11525.8344613825,,,,,0.236791402101517,-18570,,-0.13969500544072008
MN,20325121393.9074,3481145,5838.63108083902,18004.8512058355,6.134,10.3475831314339,,,,,3.74101543426514,,76.2571171270924,66.607129472089,,,,,,,1408610.0,,,,,,,-0.492604404687881,0.592669785022736,-0.184480711817741,2354.68502461116,,,,,0.250342100858688,0,,-0.02676391945697913
ME,7530593375.22034,616177,12221.4775546967,31747.7926309416,15.254,8.58476910455403,,,,,,,49.9515696947634,68.591184320213,,,,,,,284105.0,,,,,,,-0.0793098732829094,0.0693022906780243,-0.0421564690768719,2247.73076567285,,,,,0.342006295919418,12000,,0.09342179216849768
MA,144417103249.646,37712505,3771.4462890625,9842.888671875,9.114,6.09114152504141,,,,,6.02096939086914,,42.752081172208,51.0393218884237,,,,,,,12283950.0,,,,,,,-0.536348581314087,-0.367761224508286,-0.127505928277969,567.610133561799,,,,,-0.489260077476501,-39650,,-0.16891735675709324
MZ,20954220983.5473,33635160,622.985619320596,1677.68102292349,3.535,7.12697482131851,,,,,,,45.2791164196367,60.348387217791,,,,,,,14684631.0,,,,,,,-0.828437745571136,-1.26869130134583,-1.02632343769073,37.1040304253049,,,,,-0.593393087387085,-36276,,-0.45058015176214616
MM,66757619000.0,54133798,1233.19666209269,5953.35735165887,2.841,,,,,,,,,,,,,,,,22662345.0,,,,,,,-1.21649932861328,-2.12527012825012,-1.61694085597992,20.1722406397571,,,,,-1.84359860420227,-34989,,-0.822649864643571
NR,154170289.321861,11875,12982.7612060515,13831.8119737926,,,,,,,,,42.6666791692663,98.6931676730083,,,,,,,,,,,,,,0.58861643075943,0.976578056812286,-0.0184109006077051,421.052631578947,,,,,0.640493810176849,-148,,0.1894809691893059
NP,40908073366.8455,29694614,1377.62603571292,5393.62090216188,10.685,7.11475951738199,,,,,3.68125796318054,,6.95504448280066,34.6824502284482,,,,,,,8569104.0,,,,,,,-0.50792795419693,-0.226184993982315,-0.462669461965561,642.608117418196,,,,,-0.0231158602982759,-409782,,-0.4193993562772089
NL,1154361305398.06,17877117,64572.0059558854,80760.5956257026,3.561,3.83839354342808,,,,,,97.0068,88.5370818069331,77.3683752045478,,,,,,,10017498.0,,,,,,,1.86710047721863,0.658281981945038,1.64250445365906,194962.867894191,,,,,1.55626440048218,144558,,0.9165065473528653
NZ,252175506110.168,5223100,48280.8114166238,53834.3700074843,3.737,5.73316283034957,,,,,,,24.0744573859555,26.9494047256673,,,,,,,3073463.0,,,,,,,2.08409547805786,1.35856962203979,1.70570802688599,18909.6513564741,,,,,1.68778347969055,21404,,0.42066633759651956
NI,17829218219.3591,6823613,2612.87066241288,8309.3399128364,4.795,8.38765854872536,,,,,,,45.7989466199182,59.0697810434681,,,,,,,3167446.0,,,,,,,-1.38844013214111,-0.125550046563148,-1.27818691730499,103.464249804319,,,,,-1.38733541965485,-7996,,-0.4531202869215814
NE,16819170420.5653,26159867,642.937917863471,1890.50518592089,0.55,3.70097316425842,,,,,,,8.82572044697118,21.5947853362086,,,,,,,10188982.0,,,,,,,-0.563843965530396,-1.66885960102081,-0.70808869600296,4.74008526113684,,,,,-0.695484280586243,995,,-0.6604923921537116
NG,363846332834.618,227882945,1596.63696129001,6207.42137845063,3.074,24.6595502031139,,,,,,,,,,,,,,,78812242.0,,,,,,,-1.04097437858582,-1.7684383392334,-0.887689292430878,47.5989986876815,,,,,-0.548258185386658,-57936,,-0.27611815329161404
MK,15763621848.115,1827816,8624.29360948531,26331.6349243128,13.075,9.36187249769016,,,,,,,67.8176527859159,80.8539435486925,,,,,,,797169.0,,,,,,,-0.34861546754837,0.170306503772736,-0.168044894933701,1857.95506768734,,,,,0.162697300314903,-5597,,0.077373361902451
NO,485310823603.662,5519594,87925.0944188399,104416.24489893,3.581,5.51784987104659,,,,,,99.0,47.1984784940993,32.4674534282649,,,,,,,3006715.0,,,,,,,2.11352157592773,0.892857432365417,1.83398151397705,37715.0928129859,,,,,1.77725434303284,53806,,0.723690880001707
OM,108810923276.983,5049269,21549.8368728192,42519.7049918962,1.46,0.950782997762827,,,,,,95.2517,,,,,,,,,2578897.0,,,,,,,0.215157955884933,0.586623668670654,0.612812101840973,279.446391150878,,,,,-1.00440359115601,156285,,-0.03428556897806133
PK,337912301397.727,247504495,1365.27743222493,6036.65076923802,5.499,30.7681280657005,,,,,1.86864340305328,,10.4799366025461,18.1203746435817,,,,,,,82186655.0,,,,,,,-0.999357461929321,-1.93273079395294,-0.859885513782501,113.359557368847,,,,,-0.959140300750732,-1619557,,-0.8078267865993443
PW,281849062.5,17727,15899.4224911152,17531.6984188274,,12.7989928661351,,,,,3.43726491928101,,,,,,,,,,,,,,,,,0.58861643075943,1.0807785987854,0.935467779636383,1353.86698256896,,,,,1.08513557910919,-19,,0.21503027104192154
PS,17420800000.0,5165775,3372.34974423005,5896.71082944838,,5.87110177678988,,,,,,86.6377,19.593244856723,66.8006061719324,,,,,,,,,,,,,,-0.676133513450623,-1.86521852016449,-0.682804763317108,434.591131050036,,,,,-1.11806666851044,-24996,,-0.5267830134698823
PA,83318176900.0,4458759,18686.4050961265,39803.3189532895,6.701,1.48641355277038,1.3,48.9,,,,,46.468393861364,43.0646745224211,,,,,,,2107002.0,,,,,,,-0.62809419631958,0.213101848959923,-0.3459812104702,2621.1329206176,,,,,0.547549784183502,7262,,-0.08305979623070073
PG,30729242919.4411,10389635,2957.68262498549,4632.97979376141,2.651,2.29869991296791,,,,,,,,,,,,,,,3252094.0,,,,,,,-0.657154023647308,-0.478844821453094,-0.539805591106415,86.3360454914922,,,,,0.0050111226737499,-787,,-0.4292421676162199
PY,42956263543.9482,6844146,6276.35113919957,17516.798469519,5.779,4.63202285403356,,,,,3.40649008750916,78.0948,42.5476516669139,40.4411242072937,,,,,,,3455511.0,,,,,,,-1.05772292613983,0.0820416286587715,-0.582174599170685,643.177395689689,,,,,0.042024303227663,-12500,,-0.3319392269988665
PE,267603248655.253,33845617,7906.58502858,16974.2420029886,4.82,6.45561348369586,,,,,4.23516988754272,,27.0886151757731,23.8208931387619,,,,,,,18581274.0,,,,,,,-0.721040904521942,-0.52178555727005,-0.538132667541504,749.75734671937,,,,,0.060481496155262,24783,,-0.3173723016015285
PH,437146372729.942,114891199,3804.8725797521,10988.6300412045,2.233,5.97802515541409,,,,,3.62368631362915,,26.6536917857896,40.7429286581991,,,,,14.1015072518775,,49413504.0,,,,,,,-0.537639975547791,-0.566050469875336,-0.41814711689949,305.497725722229,,,,,-0.0168379731476307,-164284,,-0.33089079232756147
PL,809200697797.088,36687353,22056.6661704127,49338.2844409538,2.905,11.5289127961105,,,,,,86.4147,58.1135991486384,52.3531798177922,,,,,,,18355023.0,,,,,,,0.565399944782257,0.559584558010101,0.458741247653961,37340.960521191,,,,,0.626450896263123,-7824,,0.2078558155014015
PT,289114289663.542,10578174,27331.2094945255,48859.1415409999,6.491,4.31128191898672,,,,,,85.7901,47.3459046957172,46.4237223892386,,,,,,,5453645.0,,,,,,,0.696312069892883,0.712578117847443,1.06766510009766,28927.204260395,,,,,1.21128296852112,29102,,0.24185354062819683
PR,117902300000.0,3205691,36779.0594913858,47717.5129705699,5.962,,,,,,,,53.9253263083078,47.8016120126579,,,,,,,1171556.0,,,,,,,0.0196014605462551,0.510210990905762,0.4935282766819,464.486439897046,,,,,0.453455924987793,19833,,0.14139915183395652
QA,213002809330.267,2656032,80195.874646942,128918.549288257,0.13,3.02764899198902,,,,,,,,,,,,,,,2002562.0,,,,,,,0.702209830284119,0.993381142616272,0.932885050773621,449.542776593053,,,,,-0.970600128173828,39995,,0.38071544832842075
RO,350775856415.189,19059479,18404.2730871704,47863.9519557787,5.595,10.3971874764996,,,,,,89.2034,39.1522005491869,43.9378668464882,,,,,,,8280184.0,,,,,,,0.0404953435063362,0.373643964529037,0.437425792217255,26836.8301148211,,,,,0.503180325031281,-27780,,0.08074118445486318
RU,2021421476035.42,143826130,13817.0458984375,44120.14453125,3.325,,,,,,,92.245,23.0830029980002,18.7455221845073,,,,,,,72458705.0,,,,,,,-1.10467827320099,-1.13433384895325,-1.18764269351959,23603.5969263721,,,,,-1.2855396270752,27807,,-0.30124456069913436
RW,14097768472.1883,13954471,1010.2689290184,3396.15532541582,14.932,19.789546746467,,,,,4.92004013061523,,25.4207037684665,40.5633385715907,,,,,,,5258826.0,,,,,,,0.671653091907501,0.108091473579407,0.205150455236435,129.134239484965,,,,,-0.902328312397003,-9001,,-0.028688588367942358
KN,1055499777.77778,46758,22573.6724791004,33749.700420686,,3.55711230848243,,,,,,,,,,,,,,,,,,,,,,0.413433611392975,0.923393249511719,0.479547560214996,8233.88511056931,,,,,0.774220764636993,0,,0.16165155273920298
LC,2430148148.14815,179285,13554.6651875402,25974.1960274448,11.092,4.07060821926204,,,,,,,,,,,,,,,100141.0,,,,,,,0.54412841796875,1.01801919937134,0.605028092861176,702.791644588225,,,,,0.862668752670288,0,,0.15776552866653923
VC,1065962962.96296,101323,10520.4441534791,20349.2285703519,18.674,4.56457719814894,,,,,,,,,,,,,,,51881.0,,,,,,,0.737308144569397,1.01801919937134,0.57221245765686,167.780267066707,,,,,0.831284880638123,-784,,0.25174587354059663
WS,938189443.830393,216663,4330.17840531329,6996.84192109141,9.747,,,,,,6.1134729385376,,28.7537995890581,61.9036809736442,,,,,,,72319.0,,,,,,,0.727086067199707,1.09818840026855,0.900673031806946,618.472004910852,,,,,1.01960289478302,-2810,,0.18490598227747965
ST,678976264.835436,230871,2940.93352926715,6149.98146081928,14.208,21.2589138473,,,,,,,,,,,,,,,76879.0,,,,,,,0.360224694013596,0.44070503115654,-0.694839358329773,38.9828085814156,,,,,0.252305746078491,-592,,0.03741427317917045
SA,1067582933333.33,33264292,32093.9622984711,61102.915372338,4.88,2.32708518362692,,,,,5.11466979980469,100.0,34.7492004368248,27.3778074633889,,,,,,,15553297.0,,,,,,,0.536042988300323,-0.213224530220032,0.414570838212967,431.153021384011,,,,,-1.41669249534607,325691,,0.07834449595694946
SN,30848333083.7055,18077573,1706.44218024762,4791.44862031409,2.93,5.93947798773215,,,,,,,22.9926823067602,48.0118363812025,,,,,19.4408121819845,,5578314.0,,,,,,,0.0578322261571884,-0.138591378927231,-0.273632854223251,46.1898286899464,,,,,0.133976578712463,-9999,,-0.23146277270750945
RS,81342660752.3732,6623183,12281.5058488303,29622.0783526643,8.683,12.3719043552519,,,,,,85.3575,55.0755160883541,59.4184325698737,,,,,,,3343852.0,,,,,,,-0.447204262018204,-0.0391097068786621,-0.0745044872164726,12647.8462092924,,,,,-0.0550001598894596,4348,,-0.030711108878836116
SC,2141450171.13932,119773,17879.2396545075,32705.944308693,,-1.03530088431952,,,,,,,85.9480892526302,97.1188057016872,,,,,,,,,,,,,,1.62884771823883,0.763500511646271,0.432935118675232,52607.8498492983,,,,,0.556410670280457,1809,,0.4161580123768044
SL,6411869546.28929,8460512,757.85833603088,3367.51026016213,3.174,47.6428733253179,,,,,6.79109716415405,,21.5245154992414,34.344460849746,,,,,,,2803399.0,,,,,,,-0.574557840824127,-0.238688722252846,-0.832963287830353,13.356165678862,,,,,-0.296392291784286,-4000,,-0.08332856848886827
SG,501427500080.059,5917648,84734.2559206054,141553.47299754,3.472,4.82146729476466,,,,,2.18787837028503,94.2863,174.300145120981,136.940188501327,,,,,,,3615185.0,,,,,,,2.04018402099609,1.42420423030853,1.75317537784576,228648.442759691,,,,,-0.0654119327664375,26996,,1.1767144029897794
SX,1627776949.27374,42749,38077.5444869761,49826.1146271296,,,,,,,,,,,,,,,,,,,,,,,,,,,1216.40272287071,,,,,,567,,0.09855926784045756
SK,132908336234.295,5426740,24491.3771867262,44688.7739689518,5.84,10.5319476645211,,,,,,87.2131,91.9484611018321,90.3659329424289,,,,,,,2813762.0,,,,,,,0.292565286159515,0.573219299316406,0.603365182876587,39911.9913612961,,,,,0.912476003170013,4933,,0.35302757126490875
SI,69148468417.3208,2120461,32610.110922729,55710.4313942924,3.627,7.44687717385838,,,,,,90.3779,83.2510531969521,76.8473914946355,,,,,,,1055649.0,,,,,,,0.776647090911865,0.818632841110229,1.03880786895752,63978.5405154822,,,,,1.07909941673279,5339,,0.4279114837214527
SB,1633319401.19414,800005,2041.6364912646,2812.37576422898,1.545,5.88585897042164,,,,,8.29349040985107,,,,,,,,,,423423.0,,,,,,,-0.134710744023323,0.445870101451874,-0.262915134429932,78.7495078155762,,,,,0.340079069137573,1636,,-0.11407916653244148
SO,10968517090.0004,18358615,597.458854603159,1556.52309067949,19.027,,,,,,,,19.7336576333817,72.9524967171368,,,,,,,3339143.0,,,,,,,-1.73283362388611,-2.37760090827942,-2.21200466156006,10.0770128901336,,,,,-1.66268134117126,46217,,-0.6078922220770826
ZA,380699271814.508,63212384,6022.5425418935,15194.1991761106,27.988,6.0739085322053,,,,,6.14838981628418,,32.7545268670556,32.4255686817089,,,,,,,27136540.0,,,,,,,-0.284670442342758,-0.665642023086548,0.0862350836396217,14786.991738834,,,,,0.744892179965973,228222,,0.2110638986990655
ES,1620090734956.89,48347910,33509.0127982139,54123.111397101,12.144,3.53236133492433,,,,,,95.4456,38.0592582111746,34.1324706805738,,,,,,,24152720.0,,,,,,,0.629368722438812,0.287291556596756,0.822885692119598,28736.5679302373,,,,,1.19472968578339,119099,,0.36903572203555246
LK,84356863743.6335,22037000,3827.96495637489,14460.7414188157,6.36,16.5411742279832,,,,,1.82774567604065,,20.531991971255,22.1691120440303,,,,,9.84652924546153,,8713397.0,,,,,,,-0.383976995944977,-0.508541285991669,-0.0906768143177032,482.370558605981,,,,,-0.231143683195114,-28011,,-0.37936771848825723
SD,109265503110.904,50042791,2183.44140625,2740.42114257813,11.449,,,,,,,,1.10810859289855,1.36562018956999,,,,,,,14149404.0,,,,,,,-1.50206708908081,-2.46693897247314,-1.6741771697998,2.13817011125539,,,,,-1.60484826564789,-1349998,,-1.2622203833060848
SR,3455146280.83975,628886,5494.07409425517,21135.5456365133,7.704,51.5873159600861,,,,,2.86623334884644,,,,,,,,,,252724.0,,,,,,,-0.404351592063904,0.412738472223282,-0.0622574500739574,1388.1689209173,,,,,0.353224784135818,-988,,0.17052675139956958
SE,584960475767.32,10536632,55516.836477474,69223.5442336891,7.587,8.54862489748902,,,,,,95.7033,55.1715976331361,51.1944284442583,,,,,,,5837253.0,,,,,,,2.0282461643219,0.758365273475647,1.60402345657349,52996.3464606147,,,,,1.57483160495758,55209,,0.6525709967038625
CH,884940402230.409,8888093,99564.710026145,92580.3539076339,4.05,2.13540088016377,,,,,,97.3444,75.326865234571,62.8900497858346,,,,,,,5012392.0,,,,,,,2.02199912071228,1.07144391536713,1.76172566413879,163635.101477899,,,,,1.66502690315247,45098,,0.9483551836046099
TJ,12060602008.8478,10389799,1160.81187026311,4963.58295264501,6.981,,,,,,5.81054592132568,,,,,,,,,,2723850.0,,,,,,,-1.37873339653015,-0.47282150387764,-1.27723121643066,123.775253015001,,,,,-1.63467013835907,-19999,,-0.5238338603864009
TZ,79062403820.892,66617606,1224.48962402344,4018.5166015625,2.607,3.79923291384916,,,,,3.26015281677246,,17.1954298762963,21.0166049300483,,,,,11.4914890183773,,31053999.0,,,,,,,-0.319897323846817,-0.0527516007423401,-0.373498290777206,52.5836968683624,,,,,-0.533726751804352,-39388,,-0.44754542463965974
TH,514968699239.005,71702435,7182.02525812415,23465.0631354173,0.913,1.22802623546169,,,,,2.52122211456299,89.5352,65.4476962943612,63.6885659990231,,,,,15.4511540704751,,40822505.0,,,,,,,-0.489050775766373,-0.280302882194519,0.244872748851776,3002.53401436088,,,,,-0.450371354818344,19648,,-0.1611975038026016
TL,2079916900.0,1384286,1502.51963828284,4803.96924825568,1.523,8.42035103310379,,,,,,,22.925488032719,66.3751037361156,,,,,,,607078.0,,,,,,,-0.22670416533947,0.260184526443481,-0.834021985530853,240.557225891181,,,,,0.433426916599274,-5620,,-0.2723267578586602
TG,9171261837.57103,9304337,985.697512629974,3071.51216831952,2.048,,,,,,,,23.9052239704764,37.522132802206,,,,,,,3240556.0,,,,,,,-0.619174957275391,-0.954195141792297,-0.527499735355377,91.4627232440098,,,,,-0.782707870006561,-1997,,-0.5366332544643563
TT,27372285697.9477,1367510,20016.1503008736,35188.5349159275,4.206,4.62930242419968,,,,,,,,,,,,,,,612441.0,,,,,,,-0.374148547649384,0.401362389326096,-0.283585637807846,428.516062039766,,,,,0.620708882808685,2126,,-0.10108629338049292
TN,48529595416.6533,12200431,3977.69516639644,13931.8593241649,15.106,9.32899597507865,,,,,6.73398876190186,,51.8833824346749,55.2943891824063,,,,,,,4367259.0,,,,,,,-0.341899782419205,-0.630951106548309,-0.138983190059662,818.331745821111,,,,,-0.21289698779583,-14001,,-0.02476776926194346
TR,1118252964260.77,85325965,13105.6585678319,44603.7294349839,9.412,53.8594087593315,,,,,,85.9607,31.9158356904098,34.3607690189066,,,,,,,35590322.0,,,,,,,-0.50248908996582,-1.01108038425446,-0.511972904205322,9881.98609883873,,,,,-0.860576987266541,-318070,,0.03127648071501539
TM,60628857142.8571,7364438,8232.65225980002,19828.9248461199,4.12,,,,,,2.74651002883911,,21.6245210908525,12.4747527108732,,,,,,,2418622.0,,,,,,,-1.42362427711487,-0.111424535512924,-1.48657822608948,138.775015826055,,,,,-1.88326275348663,15005,,-0.662548066021231
TC,1402054390.94734,46198,30348.8114409139,24755.806302014,,,,,,,3.13524532318115,,,,,,,,,,,,,,,,,,,,735.962595783367,,,,,,193,,-0.15548885036690877
TV,62280311.5852172,9816,6344.7750188689,6150.99970413823,,,,,,,12.8456897735596,,,,,,,,,,,,,,,,,0.646379947662354,1.18908190727234,1.01082408428192,509.372453137734,,,,,1.22353219985962,-323,,0.5563274582123957
UG,48768955863.3175,48656601,1002.30913917142,3097.63702430616,2.831,5.35094804280395,,,,,2.55159378051758,,11.6017089255499,21.739987404672,,,,,,,19076753.0,,,,,,,-1.04257476329803,-0.69550609588623,-0.474925845861435,51.6271163289848,,,,,-0.695845246315002,-126181,,-0.5925940174412504
UA,178757021965.008,37732836,5069.703125,17630.125,,12.8490222828559,,,,,,,28.5860205802388,49.5120930890625,,,,,,,,,,,,,,-0.686146318912506,-1.42982339859009,-0.888317406177521,9888.25753781136,,,,,-0.100543133914471,-299961,,-0.4552565581688813
AE,514130432653.081,10483751,49040.6947525825,76110.3848456483,2.706,1.62670837213248,,,,,,100.0,108.61087139274,93.7216646058461,,,,,,,7248379.0,,,,,,,1.07366383075714,0.677530944347382,0.881900131702423,2119.66117852284,,,,,-1.0949410200119,300004,,0.4908425391153487
GB,3380854520809.54,68350000,49463.8554617343,59626.1955716651,4.055,6.79396706793963,,,,,,,31.6626771258689,32.2162006360962,,,,,27.3188631444738,,35193154.0,,,,,,,1.48091387748718,0.514935672283173,1.39836597442627,47452.8310168252,,,,,1.26162397861481,445523,,0.711460815110833
US,27720709000000.0,334914895,82769.4122114216,82769.4122114214,3.625,4.11633838374488,,,,,,,11.0115112856601,13.8878518583345,,,,,10.2238066854639,,170715034.0,,,,,,,1.12343263626099,0.029424749314785,1.3276778459549,187747.203659007,,,,,0.877519071102142,1322668,,1.6750251900549848
UY,77240830877.4597,3388081,22797.8111731861,34426.6024727939,8.354,5.86910359896119,,,,,,,27.4978001359579,24.2356880254726,,,,,,,1758271.0,,,,,,,1.57394731044769,0.964887142181396,0.717662572860718,4353.20170916811,,,,,1.28379380702972,-1501,,0.1782433086424609
UZ,101591769702.343,35652307,2849.51461071911,11106.9715934786,4.526,,,,,,5.47287607192993,89.0136,23.6898326654563,40.6874819765918,,,,,,,13836792.0,,,,,,,-0.807529330253601,-0.154609963297844,-0.832810997962952,823.873753807853,,,,,-1.30965662002563,-6004,,-0.3652137622613258
VU,1126313359.21923,320409,3515.23633611798,3460.93371361519,5.099,,,,,,10.6434001922607,,,,,,,,,,136705.0,,,,,,,-0.0148651544004679,0.932254612445831,0.141380533576012,1635.4097419236,,,,,0.627497434616089,0,,0.1427508977589691
VN,429716969043.572,100352192,4282.08851724506,14973.8839607259,1.602,3.25289282667662,,,,,,78.08,87.1767319860542,79.1468730562838,,,,,,,55965674.0,,,,,,,-0.415814280509949,-0.0363807342946529,-0.0854718759655952,5256.30770476842,,,,,-1.24185371398926,-81789,,-0.16904221055610213
ZM,27577956471.244,20723965,1330.72780576709,4076.99508686639,5.913,10.884531691282,,,,,,,40.8461239686718,37.3957630764767,,,,,,,7165073.0,,,,,,,-0.477706879377365,0.201727285981178,-0.529127418994904,54.9605251697733,,,,,-0.0479462631046772,9521,,-0.24889638205683046
ZW,35231367885.8554,16340822,2156.0340040333,3820.36262949732,8.759,,,,,,,,21.5794003755333,29.2155635135643,,,,,,,6320388.0,,,,,,,-1.26121604442596,-0.934447467327118,-1.27714252471924,89.3467905102938,,,,,-1.09263300895691,-97380,,-0.6184869666348004
